date;month;% FULL;Brent (eur/bbl);JKM (Eur/mmbtu);Coal (eur/t);CO2 (eur/t);TTF (eur/Mwh)
26/09/2012;9;73.65;85.49452257;10.78393287;87;7.6;26.05
27/09/2012;9;73.34;86.7420429;10.72562534;87.85;7.81;25.53
28/09/2012;9;72.82;87.4086172;11.0437082;87.75;7.93;25.75
1/10/2012;10;72.2;87.04996896;11.01800124;88.25;7.92;25.8
2/10/2012;10;71.61;86.3678588;10.99241369;88.5;7.84;25.75
3/10/2012;10;71.1;83.8267204;11.00433974;88.25;7.56;25.95
4/10/2012;10;70.75;86.48690174;10.37105324;88.9;7.6;25.55
5/10/2012;10;70.53;85.95104734;10.68441648;89.5;7.77;26.3
8/10/2012;10;70.35;86.22098851;10.39016115;89.75;7.89;26.8
9/10/2012;10;69.96;88.86991618;10.47811239;89.75;7.86;26.7
10/10/2012;10;69.58;88.80689762;10.46683238;88.75;7.69;26.85
11/10/2012;10;69.22;89.51725205;10.4053845;87.6;7.77;26.35
12/10/2012;10;68.9;88.50965251;10.46332046;86.8;7.8;26.4
15/10/2012;10;68.6;89.43466172;10.41087427;85;7.66;26.35
16/10/2012;10;68.47;88.16273368;10.29344162;86;7.96;26.1
17/10/2012;10;68.35;86.31546848;10.21575055;87;8.24;26.2
18/10/2012;10;67.95;86.04668963;10.28319939;86.9;8.04;26.45
19/10/2012;10;67.55;84.58643729;10.36786729;87.6;7.94;26.6
22/10/2012;10;67.11;83.80427292;10.33769814;87.4;7.87;27.25
23/10/2012;10;66.68;83.36542164;10.39661147;87.25;7.86;27.65
24/10/2012;10;66.17;83.14702028;10.40783286;86.5;7.65;27.5
25/10/2012;10;65.74;83.88618263;10.41521689;86;7.66;27.25
26/10/2012;10;65.37;84.6665121;10.43357292;85.5;7.86;27.95
29/10/2012;10;64.85;84.82405829;10.46349403;84.9;8.05;28
30/10/2012;10;64.35;84.19265205;10.38129052;85.8;8.13;27.45
31/10/2012;10;63.81;83.88640222;10.37968822;85.25;8.23;26.95
1/11/2012;11;63.27;83.58059033;10.27661876;87;8.04;26.6
2/11/2012;11;62.68;82.33094422;10.36148333;87.15;8.1;27.15
5/11/2012;11;62.17;84.19695193;10.51191872;88.1;8.25;26.7
6/11/2012;11;61.68;86.68539764;10.57519707;89.35;8.34;27.25
7/11/2012;11;61.03;83.64917776;10.68911511;89.1;8.22;27
8/11/2012;11;60.36;84.15064731;10.63162024;90;8.27;26.75
9/11/2012;11;59.73;86.08750393;10.74126534;90.45;8.32;27.2
12/11/2012;11;59.2;85.83457937;10.78145904;91.3;9.07;27.05
13/11/2012;11;58.82;85.23067234;10.8644308;89.95;8.4;27.2
14/11/2012;11;58.64;86.0766452;10.83712895;90.85;7.91;27
15/11/2012;11;58.5;86.85240257;10.5885115;92;7.12;27.4
9/01/2013;1;58.22;85.55461992;13.3966164;87.85;6.02;27.25
10/01/2013;1;57.92;84.32436506;13.41472605;87.6;5.86;26.98
11/01/2013;1;57.61;82.91988308;13.11549127;87.4;5.72;27.15
14/01/2013;1;57.29;83.60484233;13.15199522;86.7;5.71;27.05
15/01/2013;1;57;82.9136285;13.23009847;86.4;5.88;27.25
16/01/2013;1;56.78;83.23425389;13.50741215;87.1;5.47;27.2
17/01/2013;1;56.58;83.07163152;13.57110812;88;5.44;27.5
18/01/2013;1;56.2;84.02042502;13.80190734;87.1;4.97;26.5
22/01/2013;1;55.83;84.3993994;13.94894895;86.7;5.3;27
23/01/2013;1;55.4;84.71012316;14.02823671;86.15;4.52;27
24/01/2013;1;55.03;84.70165994;13.96739943;87;4.21;25.98
25/01/2013;1;54.75;84.16047548;13.93759287;87.75;4;25.65
28/01/2013;1;54.6;84.34039391;14.04682274;87.8;4.07;25.9
29/01/2013;1;54.37;84.76762286;14.15758654;87.25;3.88;25.6
30/01/2013;1;53.9;84.69079384;14.48367362;86.85;3.69;25.3
31/01/2013;1;53.33;85.10089851;14.14052143;86;3.31;25.25
1/02/2013;2;52.75;85.60744923;14.15059755;87.13;4.21;25.65
4/02/2013;2;52.17;85.5472508;14.39354695;87.6;4.19;25.85
5/02/2013;2;51.7;85.79633311;14.35829468;87.65;4.29;25.98
6/02/2013;2;51.39;86.3387574;14.42307692;87.65;4.06;25.85
7/02/2013;2;51.12;87.51866229;14.59390863;88.8;4.09;26.15
8/02/2013;2;50.83;88.97702612;14.66736511;90.1;4.43;26.4
11/02/2013;2;50.44;88.11726093;14.62031926;89.85;4.36;26.15
12/02/2013;2;50.02;88.20337471;14.56924106;89.55;4.46;26.7
13/02/2013;2;49.56;88.24797443;14.56924106;89.55;5.1;26.4
14/02/2013;2;49.2;88.32335329;14.70808383;88.05;5.12;26.5
1/05/2013;5;49;75.85186309;0;82.9;2.87;26.75
2/05/2013;5;48.88;78.73382837;0;83.6;3.04;26.35
3/05/2013;5;48.56;79.45550217;0;83.9;3.73;26.55
6/05/2013;5;48.25;80.66391311;0;83.9;3.86;26.55
7/05/2013;5;47.93;79.8348245;0;83.85;3.69;26.4
8/05/2013;5;47.69;79.33997415;0;83.9;3.44;26.25
9/05/2013;5;47.5;80.10888736;0;83.68;3.74;26.3
10/05/2013;5;47.45;79.97998768;0;83.9;3.33;26
13/05/2013;5;47.43;79.24470135;0;82.15;3.22;26.25
29/07/2014;7;47.36;80.33410396;7.934969051;77.3;6.02;17.9
30/07/2014;7;47.29;79.5088086;7.965064198;76.4;6.11;17.3
31/07/2014;7;47.18;79.19031969;7.966089035;76.3;6.19;17.1
1/08/2014;8;47.06;78.06984883;7.941767816;75.85;6.26;16.2
4/08/2014;8;46.98;78.54109232;7.942776246;76.35;6.22;16.4
5/08/2014;8;46.94;78.21308411;7.936448598;76.8;6.18;16.6
6/08/2014;8;46.92;78.16306704;7.932889919;77;6.19;16.3
7/08/2014;8;46.8;78.91034276;7.944170034;77.25;5.93;16.35
8/08/2014;8;46.7;78.31469053;7.93064877;77.8;5.96;16.9
11/08/2014;8;46.63;78.20694808;7.990287635;77.6;6.11;16.23
12/08/2014;8;46.61;77.05886753;8.011070387;77.75;6.09;16.3
13/08/2014;8;46.51;78.03052978;8.01032625;77.88;6.21;17.3
14/08/2014;8;46.58;76.34336177;8.007783266;77.25;6.21;17.5
18/08/2014;8;46.64;76.03652148;8.980691513;76.75;6.32;18
19/08/2014;8;46.62;76.25197087;9.077258052;76.4;6.43;17.9
20/08/2014;8;46.62;77.14587419;9.119022477;76.4;6.41;17.65
21/08/2014;8;46.66;77.27580754;9.054288081;77;6.34;17.38
22/08/2014;8;46.86;77.24663948;9.12248905;77.55;6.35;18.25
25/08/2014;8;47.09;77.81820939;8.407247366;77.38;6.32;17.95
26/08/2014;8;47.31;77.84613048;9.444064707;77.65;6.29;18.55
27/08/2014;8;47.58;77.86537295;9.323832626;76.6;6.35;17.85
28/08/2014;8;47.79;77.72720376;9.421939008;77.25;6.43;19.08
29/08/2014;8;48;78.57904356;9.45019799;76.8;6.38;19.9
2/09/2014;9;48.24;76.41459142;9.736501409;76.5;6.38;20.13
3/09/2014;9;48.49;78.15209125;9.718631179;76.1;6.32;20.5
4/09/2014;9;48.8;78.66965389;9.865574784;75.3;6.11;20.65
5/09/2014;9;49.12;77.85328185;9.861003861;74.85;6.26;20.4
8/09/2014;9;49.44;77.69851117;9.898418114;75.5;6.27;20.05
9/09/2014;9;49.58;76.6602242;9.872439119;74.5;6.12;19.4
10/09/2014;9;49.84;75.90585321;9.941158253;74.55;6.08;19.85
11/09/2014;9;49.3;75.88394584;9.922630561;75;6.1;19.4
12/09/2014;9;49.51;74.90743598;9.89663684;75.2;6.04;19.1
16/09/2014;9;49.68;76.43336677;11.30102631;74.55;5.79;21.38
17/09/2014;9;49.93;76.9296541;11.34473377;74.25;5.88;20.4
18/09/2014;9;50.25;75.6074911;11.29469122;74.2;5.97;21.35
19/09/2014;9;50.52;76.69940755;10.25880886;74.2;6.01;21
22/09/2014;9;50.81;75.46890809;11.35886061;73.9;5.98;21.9
23/09/2014;9;51.13;75.39898793;11.36239782;73.75;5.65;21.5
24/09/2014;9;51.47;75.86665623;11.42108146;73.45;5.8;21.95
25/09/2014;9;51.85;76.08439878;11.4479567;73.2;5.8;22.03
26/09/2014;9;52.24;76.480328;11.4720492;73.4;5.91;21.3
29/09/2014;9;52.66;76.63197729;11.41201514;72.3;5.75;21.7
30/09/2014;9;53.09;74.95051857;11.45990025;72.2;5.82;20.7
1/10/2014;10;53.41;74.59399509;11.46716311;72.5;5.79;21.5
2/10/2014;10;53.73;73.74486896;11.41064099;73.1;5.67;21.2
3/10/2014;10;54.01;73.7535954;11.549217;72.25;5.66;20.28
6/10/2014;10;54.31;73.34018337;11.4132153;71.85;5.66;21.25
7/10/2014;10;54.66;72.71076729;11.41064099;72.3;5.72;20.6
8/10/2014;10;54.91;71.7662766;11.35239142;72.5;6.03;20.68
9/10/2014;10;55.24;70.96138692;11.40267928;72.25;6.1;21.25
10/10/2014;10;55.48;71.44214778;11.44373169;71.7;6.02;20.98
13/10/2014;10;55.71;69.70671267;11.31979297;71.35;6.04;21.15
14/10/2014;10;55.93;67.18280929;11.3999052;71.2;6.07;20.8
15/10/2014;10;56.23;65.26955438;11.24181988;71.6;6.14;20.78
16/10/2014;10;56.63;65.95611775;11.65378309;71;6.2;21.4
17/10/2014;10;57.04;67.51821958;11.24911841;70.8;6.12;20.8
20/10/2014;10;57.39;66.72917643;11.11111111;70.95;6.13;20.7
21/10/2014;10;57.76;67.81500708;10.96429133;71.3;6.17;21.45
22/10/2014;10;58;66.97501581;11.02150538;73.2;6.21;22.25
23/10/2014;10;58.3;68.67288833;10.79958874;73.8;6.32;22.05
24/10/2014;10;58.65;67.97947908;10.77742699;73.68;6.39;21.95
27/10/2014;10;59.08;67.59864535;10.5851776;73.7;6.27;21.75
28/10/2014;10;59.52;67.55929009;10.4915973;73.88;6.15;22.45
29/10/2014;10;59.85;68.97316127;10.50193967;73.6;6.41;22.2
30/10/2014;10;60.18;68.37932128;10.4741516;72.7;6.41;21.1
31/10/2014;10;60.5;68.55637177;10.43197062;72.15;6.34;20.6
3/11/2014;11;60.86;67.9218074;10.4270149;71.25;6.57;22.25
4/11/2014;11;61.24;66.02359694;10.16023597;70.6;6.47;22.25
5/11/2014;11;61.66;66.43972767;10.12414898;70.5;6.63;21.7
6/11/2014;11;62.09;66.96839893;10.19154611;70.3;6.62;21.8
7/11/2014;11;62.44;66.96916158;10.10279473;71.4;6.75;22.65
10/11/2014;11;62.76;66.2962963;10.10869565;72.65;6.71;22.6
11/11/2014;11;63.08;65.47218214;10.05291005;73.25;6.79;22.83
12/11/2014;11;63.42;64.62453771;10.07798681;73.1;6.84;22.43
13/11/2014;11;63.76;62.46092184;10.0240481;73.25;6.78;22.2
17/11/2014;11;64.18;63.70792835;8.554904008;73.8;6.89;22.85
18/11/2014;11;64.61;62.59572431;8.343969368;74;7.01;22.8
19/11/2014;11;64.96;62.2162033;8.296821477;74.3;7.03;23
20/11/2014;11;65.32;63.27165417;8.171159675;73.75;6.95;23.4
21/11/2014;11;65.53;64.86922829;8.201485308;74.25;6.99;23.3
24/11/2014;11;65.91;64.04115094;8.121684617;74.6;7.04;24
25/11/2014;11;66.28;62.79461279;8.100849768;75.1;7.12;24.9
26/11/2014;11;66.67;62.17512995;8.080767693;74.65;7.19;24.6
28/11/2014;11;67.05;56.34538153;8.104417671;73.7;7.04;24.05
1/12/2014;12;67.39;58.17627717;8.088058385;72.2;7.07;24.05
2/12/2014;12;67.71;56.97439625;8.141507148;71.8;6.85;23.8
3/12/2014;12;68.02;56.79935012;8.184402924;70.85;6.89;23.7
4/12/2014;12;68.28;56.26565404;8.111820312;71.2;6.84;23.42
5/12/2014;12;68.57;56.22303622;8.196988197;70.75;6.66;23.43
8/12/2014;12;68.92;53.74309841;8.1722962;70.5;6.66;22.8
9/12/2014;12;69.29;54.01648618;8.125909164;70.75;6.74;23.2
10/12/2014;12;69.64;51.61082992;8.078251788;70.8;6.56;22.9
11/12/2014;12;69.98;51.31759207;8.107019099;70.8;6.74;22.6
12/12/2014;12;70.29;49.6388443;8.073836276;70.9;6.66;22.73
16/12/2014;12;70.61;47.84972022;8.133493205;70.25;6.91;22.48
17/12/2014;12;70.9;49.57458877;8.244874808;69.65;6.99;22.2
18/12/2014;12;71.25;48.24582825;8.245828246;69.7;7.04;22.3
19/12/2014;12;71.63;50.20448225;8.240634713;70.18;7.08;22.3
22/12/2014;12;71.98;49.15365116;8.246790416;69;7.11;21.53
23/12/2014;12;72.3;50.68605702;8.286089886;68.8;7.25;21.58
24/12/2014;12;72.6;49.40539654;8.271139178;68.3;7.37;22.2
26/12/2014;12;72.91;48.82956879;8.283367556;69.03;7.37;22.7
29/12/2014;12;73.21;47.63393959;8.275039091;67.5;7.25;21.9
30/12/2014;12;73.54;47.63079961;8.271635406;67.33;7.21;21.23
31/12/2014;12;73.9;47.39191535;8.311978176;67.11;7.25;20.4
2/01/2015;1;74.15;47.01666667;8.379166667;65.53;7.01;20.3
5/01/2015;1;74.39;44.5142905;8.385717878;62.45;6.9;19.8
6/01/2015;1;74.57;42.98452221;8.39922611;61;6.77;19.2
7/01/2015;1;74.91;43.21196249;8.435414379;58.55;6.78;19.15
8/01/2015;1;75.19;43.21573948;8.45912483;57.9;6.81;19.4
9/01/2015;1;75.55;42.32620998;8.425542698;57.6;6.71;19.15
12/01/2015;1;75.91;40.08281923;8.41291304;56.1;6.71;19.7
13/01/2015;1;76.18;39.57696228;8.460754332;56.45;7.29;20.15
14/01/2015;1;76.45;41.301213;8.418865044;55.7;7.16;20.1
16/01/2015;1;76.81;43.37338982;7.780755598;53.15;7.13;19.8
20/01/2015;1;77.04;41.55338125;7.442202788;55.15;7.16;19.13
21/01/2015;1;77.32;42.23811165;7.180392833;57;7.32;19.3
22/01/2015;1;77.66;42.6924769;7.157941047;56.75;6.76;19.4
23/01/2015;1;78;43.53529044;7.089319176;55.5;6.8;19.5
26/01/2015;1;78.26;42.85841417;7.070392454;55.3;6.85;19.5
27/01/2015;1;78.52;43.58140761;6.831561374;57.35;6.84;20.08
28/01/2015;1;78.79;42.947014;6.862484494;58.9;6.95;20.45
29/01/2015;1;79.06;43.40489443;6.714374061;57.35;7.06;20.7
30/01/2015;1;79.36;46.9519759;6.689704058;57.2;7.08;20.15
2/02/2015;2;79.68;48.28042328;6.613756614;57.8;7.13;21.28
3/02/2015;2;79.99;50.44864535;6.503179719;59;7.06;21.15
4/02/2015;2;80.22;47.74330042;6.580571227;58.8;6.93;21
5/02/2015;2;80.46;49.29847495;6.461873638;61.35;7;21.65
6/02/2015;2;80.72;51.09166446;6.558826129;61.8;6.95;21.1
9/02/2015;2;80.96;51.52344785;6.56186523;62.9;6.91;21.85
10/02/2015;2;81.24;49.85422741;6.564184115;62.15;7.1;22.5
11/02/2015;2;81.56;48.23934339;6.557232371;63.9;7.23;23.5
12/02/2015;2;81.87;50.03508156;6.516400631;64.4;7.39;24.5
17/02/2015;2;82.1;54.80280456;5.893952673;63.75;7.47;22.85
18/02/2015;2;82.32;53.11978938;5.901711277;63.5;7.49;22.85
19/02/2015;2;82.56;52.97378145;5.916769312;62.4;7.34;22.08
20/02/2015;2;82.86;52.92670065;5.910529091;63;7.32;22.3
23/02/2015;2;83.1;51.9858782;6.081200353;61.9;7.7;21.95
24/02/2015;2;83.42;51.73295705;6.076373578;61.4;7.47;22.73
25/02/2015;2;83.77;54.2469853;6.143825367;62;7.39;23.13
26/02/2015;2;83.97;53.63522687;6.296891747;62.45;7.06;23.95
27/02/2015;2;84.2;55.90994371;6.432591798;64;7.1;23.9
2/03/2015;3;84.41;53.24152732;6.527765358;62.85;6.95;23.02
3/03/2015;3;84.68;54.60891355;6.524073743;62.73;6.73;22.05
4/03/2015;3;84.92;54.66281484;6.572176582;62;7.02;22.45
5/03/2015;3;85.18;54.8422198;6.592310482;62;6.75;21.92
6/03/2015;3;85.46;55.08623075;6.640228719;60.35;6.8;22.45
9/03/2015;3;85.76;53.94470046;6.686635945;60.6;6.68;21.9
10/03/2015;3;86.02;52.71571469;6.79162382;60.65;6.82;22.08
11/03/2015;3;86.26;54.56614509;6.903745851;60.8;6.76;22.23
12/03/2015;3;86.53;53.67183827;6.84532205;60.35;6.41;22.2
16/03/2015;3;86.79;50.57732349;7.216543631;59.15;6.49;21.35
17/03/2015;3;87.05;50.49542323;7.285080683;58.25;6.73;21.3
18/03/2015;3;87.34;51.4588127;7.105384261;58.88;6.74;21.5
19/03/2015;3;87.6;51.06482785;7.242705695;57.6;6.67;21
20/03/2015;3;87.85;51.12754159;7.134935305;57.7;7.04;21
23/03/2015;3;88.08;51.09182275;6.948378255;58;7.04;21.3
24/03/2015;3;88.33;50.44855364;6.961735628;57.8;7.03;21.7
25/03/2015;3;88.58;51.49056432;6.869359103;58.2;6.97;21.35
26/03/2015;3;88.87;54.38757695;6.923642378;59;6.95;22.2
27/03/2015;3;89.17;51.8140902;6.921098558;59.4;6.76;21.95
30/03/2015;3;89.4;51.96639586;6.956240768;59.25;6.88;22
31/03/2015;3;89.62;51.36067102;7.01304753;58.8;6.92;22.4
1/04/2015;4;89.85;53.05705259;6.987548783;57.6;7.14;23.2
2/04/2015;4;90.07;50.50087308;6.846797169;57.65;7.15;22.9
3/04/2015;4;90.32;50.06377551;6.787536443;58.01;7.15;22.45
6/04/2015;4;90.6;53.21856973;6.872081311;58.01;7.15;22.85
7/04/2015;4;90.89;54.65643207;6.843614168;56.9;7.11;22.7
8/04/2015;4;91.14;51.53539289;6.865200854;56.58;7.12;22.17
9/04/2015;4;91.35;53.07750047;6.933758679;57.5;7.01;22.35
10/04/2015;4;91.53;54.58404075;6.970382947;57.88;6.94;23.1
13/04/2015;4;91.7;54.82680295;6.984667802;59.25;6.8;22.35
14/04/2015;4;91.9;54.85354863;6.92827638;59.5;6.8;22.1
16/04/2015;4;92.13;59.46096654;6.389405204;60.15;6.87;22.17
17/04/2015;4;92.37;58.72281351;6.362795002;59.9;6.84;21.43
20/04/2015;4;92.52;59.10022355;6.403688525;59.6;7.13;21.8
21/04/2015;4;92.72;57.8403056;6.484673437;59.1;7.08;21.75
22/04/2015;4;92.89;58.48951049;6.508158508;58.6;7.09;21.45
23/04/2015;4;93.02;59.91315595;6.448632668;58.4;7.25;21.6
24/04/2015;4;93.18;60.04415011;6.52133922;59.05;7.28;21.75
27/04/2015;4;93.41;59.55355502;6.512952416;59.45;7.15;21.7
28/04/2015;4;93.65;58.87067395;6.470856102;59.35;7.35;21.6
29/04/2015;4;93.81;59.16075119;6.384221404;59.8;7.46;21.3
30/04/2015;4;93.94;59.50810907;6.31794689;59.8;7.39;20.75
1/05/2015;5;94.08;59.33928571;6.330357143;59.4;7.48;20.1
4/05/2015;5;94.2;59.62849964;6.366654702;59.69;7.58;20.8
5/05/2015;5;94.37;60.37195994;6.285765379;59.2;7.55;20.2
6/05/2015;5;94.57;59.70399084;6.193286935;59.45;7.53;20.25
7/05/2015;5;94.79;58.18020417;6.240568131;58.8;7.43;20.2
8/05/2015;5;94.91;58.36829421;6.301883424;58.8;7.53;20.33
11/05/2015;5;95;58.19436973;6.38336023;58.35;7.62;21.1
12/05/2015;5;95.1;59.62721841;6.349772585;57.7;7.59;20.9
13/05/2015;5;95.21;58.83751651;6.270365478;57.75;7.64;20.7
14/05/2015;5;95.28;58.37131837;6.236851332;57.38;7.55;20.73
18/05/2015;5;95.41;58.57344882;6.562665724;57.2;7.6;20.7
19/05/2015;5;95.57;57.43249305;6.660985018;56.7;7.37;20.55
20/05/2015;5;95.69;58.63312596;6.987647642;56.7;7.35;20.53
21/05/2015;5;95.79;59.8812095;6.974442045;56.3;7.3;20.53
22/05/2015;5;95.88;59.34634589;7.035860191;56.75;7.3;20.45
26/05/2015;5;96.01;58.60388117;7.127747632;57;7.22;20.55
27/05/2015;5;96.09;56.92011373;7.108135376;57.3;7.17;20.7
28/05/2015;5;96.2;57.17156952;7.08021195;57.4;7.18;20.65
29/05/2015;5;96.31;59.67051971;7.03103668;57.85;7.32;20.6
1/06/2015;6;96.4;59.38672769;7.070938215;57.25;7.24;20.53
2/06/2015;6;96.49;58.7248924;6.927008608;57.2;7.44;20.35
3/06/2015;6;96.59;56.59038496;6.812134114;57.3;7.48;20.28
4/06/2015;6;96.66;55.20156625;6.816766041;56.7;7.39;20.25
5/06/2015;6;96.72;56.9795698;6.876068761;56.85;7.4;20.3
8/06/2015;6;96.83;55.52209725;6.775307767;56.45;7.44;20.8
9/06/2015;6;96.93;57.5024373;6.775680227;57.03;7.56;20.65
10/06/2015;6;96.99;58.01836807;6.751148004;57;7.58;20.68
11/06/2015;6;97.03;57.83956649;6.769121436;57.4;7.5;20.25
12/06/2015;6;97.09;56.68264111;6.758075967;58.7;7.61;20.23
15/06/2015;6;97.13;55.49056102;6.749091554;59.25;7.51;20.3
16/06/2015;6;97.22;56.64236173;6.402276365;58.85;7.41;20.55
17/06/2015;6;97.26;56.34759594;6.352007058;59.1;7.46;20.33
18/06/2015;6;97.33;56.57686212;6.339144216;59.2;7.45;20.4
19/06/2015;6;97.29;55.51444679;6.430584919;59.1;7.41;20.63
20/06/2015;6;97.24;55.51444679;6.474630021;59.1;7.41;20.63
21/06/2015;6;97.19;55.51444679;6.474630021;59.1;7.41;20.63
22/06/2015;6;97.15;55.85537919;6.481481481;59.8;7.46;20.8
23/06/2015;6;97.09;57.70436028;6.580714478;59.85;7.48;21
24/06/2015;6;97.1;56.66220437;6.55957162;59.5;7.48;20.9
25/06/2015;6;97.11;56.40842556;6.560157087;59.5;7.58;20.58
26/06/2015;6;97.04;56.66427804;6.58366177;59.25;7.52;20.48
27/06/2015;6;96.96;56.66427804;6.58366177;59.25;7.52;20.48
28/06/2015;6;96.94;56.66427804;6.628448585;59.25;7.52;20.48
29/06/2015;6;96.87;55.19359146;6.586559858;59.2;7.33;20.38
30/06/2015;6;96.81;57.10821733;6.64571172;59.95;7.42;20.78
1/07/2015;7;96.84;56.10749186;6.695620702;60;7.47;20.7
2/07/2015;7;96.88;56.00469187;6.676892538;59.68;7.43;21.03
3/07/2015;7;96.95;54.28365731;6.659467243;59.4;7.42;20.9
4/07/2015;7;96.93;54.28365731;6.659467243;59.4;7.42;20.9
5/07/2015;7;96.81;54.28365731;6.659467243;59.4;7.42;20.9
6/07/2015;7;96.73;51.14427861;6.693803709;58.5;7.36;21
7/07/2015;7;96.67;51.63487738;6.811989101;58.05;7.44;20.85
8/07/2015;7;96.65;51.51241535;6.772009029;58.1;7.43;20.55
9/07/2015;7;96.65;53.10801015;6.687205509;58.68;7.46;21
10/07/2015;7;96.53;52.61601863;6.61171833;58.48;7.59;20.83
13/07/2015;7;96.41;52.58134885;6.721505181;58.5;7.77;21.05
14/07/2015;7;96.29;53.14742483;6.717231356;58.5;7.71;21.1
15/07/2015;7;96.19;52.11473463;6.755275418;58.6;7.74;21.4
16/07/2015;7;96.05;52.88762185;7.196064006;58.2;7.64;21.05
17/07/2015;7;95.95;52.73365349;7.226634651;58.1;7.72;21.05
20/07/2015;7;95.85;52.33256351;7.228637413;58.25;7.96;21.1
21/07/2015;7;95.62;52.15801024;7.155267008;58.25;7.94;21
22/07/2015;7;95.34;51.33997988;7.157230403;58.5;7.94;20.83
23/07/2015;7;95;50.33239231;7.125944814;58.175;8.05;20.5
24/07/2015;7;94.62;49.73593152;7.175377891;58.3;7.98;20.45
27/07/2015;7;94.33;48.21026057;7.167974033;58;8;20.55
28/07/2015;7;94.18;48.2003979;7.189365165;57.7;8;20.77
29/07/2015;7;94.06;48.59796067;7.292425346;57.3;8.04;20.73
30/07/2015;7;93.77;48.76955448;7.35522825;57.7;7.86;20.9
31/07/2015;7;93.43;47.51979612;7.34049331;57.4;7.85;20.4
3/08/2015;8;93.11;45.22787469;7.365969495;56.45;7.93;20.48
4/08/2015;8;92.8;45.94669118;7.412683824;56.9;7.88;19.95
5/08/2015;8;92.5;45.4787234;7.364269993;57.04;7.81;20.28
6/08/2015;8;92.28;45.33553053;7.351460222;57.5;7.82;20.45
7/08/2015;8;92.11;44.33196534;7.323301414;56.7;7.76;19.95
10/08/2015;8;91.78;45.76071169;7.28939724;57.15;7.9;20.02
11/08/2015;8;91.47;44.54710145;7.264492754;55.9;8.07;19.95
12/08/2015;8;91.24;44.51416278;7.184474722;55.6;8.17;19.55
13/08/2015;8;90.87;44.15141729;7.185145318;55.6;8.17;19.65
14/08/2015;8;90.58;44.14730776;7.212317666;55.4;8.3;19.55
17/08/2015;8;90.37;43.98916968;7.175090253;55.15;8.22;19.5
18/08/2015;8;90.21;44.30023598;7.129243057;54.8;8.25;19.6
19/08/2015;8;89.88;42.4215166;7.06575515;54.7;8.32;19.2
20/08/2015;8;89.5;41.47317854;6.947780447;54.15;8.34;19.15
21/08/2015;8;89.15;39.92271889;6.788442961;54.35;8.18;19.08
24/08/2015;8;88.87;36.74470649;6.653468755;53.3;8.15;18.63
25/08/2015;8;88.57;37.52822651;6.683168317;53.85;8.23;18.88
26/08/2015;8;88.34;38.12638091;6.800707026;54.2;8.08;18.9
27/08/2015;8;88.09;42.30187672;6.84425865;55.25;8.03;19.25
28/08/2015;8;87.76;44.77144646;6.856606137;54.75;8.09;19.48
31/08/2015;8;87.39;48.30077602;6.837035055;55.49;8.05;19.5
1/09/2015;9;87;43.79252452;6.772996377;54.4;7.99;19.8
2/09/2015;9;86.85;44.98485658;6.805629788;54.25;8.1;19.85
3/09/2015;9;86.49;45.57144142;6.851901807;54.63;8.15;20.1
4/09/2015;9;86.22;44.50924098;6.832047371;54;8.07;19.35
8/09/2015;9;85.92;44.21823377;6.741673364;53.25;8.22;19.38
9/09/2015;9;85.43;42.46697608;6.738664763;52.75;8.25;19.4
10/09/2015;9;84.91;43.35757361;6.695636751;53.2;8.26;19.25
11/09/2015;9;84.41;42.45524297;6.658435488;53.28;8.24;19.4
14/09/2015;9;84.03;40.97013607;6.653118926;52.75;8.21;19.1
15/09/2015;9;83.78;41.39002308;6.683827445;52.5;8.15;19
16/09/2015;9;83.5;44.06944814;6.200726371;53.25;8.21;19.25
17/09/2015;9;83.33;42.92085702;6.121556624;53.9;8.21;19.1
18/09/2015;9;83.13;41.99026979;6.152145069;53.5;8.09;18.98
21/09/2015;9;82.88;43.73323798;6.141605578;53.15;7.96;19
22/09/2015;9;82.64;44.14463033;6.179168915;52.85;8;19.08
23/09/2015;9;82.37;42.69110416;6.10639249;52.95;8.05;19.2
24/09/2015;9;82.1;42.89785377;6.082465046;52.85;7.99;18.6
25/09/2015;9;81.92;43.41611578;6.101482937;52.6;7.98;18.75
28/09/2015;9;80.56;42.10619941;6.074891043;52;7.9;18.6
29/09/2015;9;80.49;42.89017341;6.020453535;52.15;7.96;18.65
30/09/2015;9;80.19;43.28024338;6.003937008;51.75;8.13;18.4
1/10/2015;10;79.87;42.60318028;5.994282651;50.15;8.15;18
2/10/2015;10;79.57;42.93870997;5.946114729;49.75;8.13;17.7
5/10/2015;10;79.29;44.03218596;5.958873491;51;8.19;17.75
6/10/2015;10;79.05;46.07738729;5.914980476;51.13;8.2;18.15
7/10/2015;10;78.82;45.68758344;5.93235425;51.6;8.09;18.42
8/10/2015;10;78.44;47.038482;5.93633623;51;8.11;18.67
9/10/2015;10;78.05;46.37132288;5.896600317;51.33;8.33;18.75
12/10/2015;10;77.67;43.91017173;5.896081022;51.68;8.28;18.68
13/10/2015;10;77.29;43.28410689;5.885196906;50.93;8.32;18.4
14/10/2015;10;76.91;42.83971062;5.839797786;51.65;8.42;18.25
15/10/2015;10;76.6;42.79564224;5.886487436;50.75;8.41;18.5
16/10/2015;10;76.22;44.47382337;5.993301604;50.95;8.38;18.33
19/10/2015;10;75.62;42.92652773;6.049099258;50.65;8.34;18.75
20/10/2015;10;74.97;42.93899859;6.197108604;50.85;8.46;18.35
21/10/2015;10;74.36;42.21065632;6.201482004;50.9;8.44;18.25
22/10/2015;10;73.83;43.29191428;6.329911759;50.9;8.47;18.3
23/10/2015;10;73.4;43.57181769;6.414563283;51;8.62;18.25
26/10/2015;10;73.13;42.99927641;6.421852388;52.78;8.65;17.9
27/10/2015;10;72.89;42.36965967;6.426502534;52.15;8.6;17.98
28/10/2015;10;72.51;44.91758242;6.501831502;52.5;8.56;18
29/10/2015;10;72.05;44.4606414;6.468658892;52.65;8.67;18.15
30/10/2015;10;71.62;45.03407542;6.47432985;53.25;8.63;17.83
2/11/2015;11;71.15;44.30218832;6.469626805;51.8;8.59;17.7
3/11/2015;11;70.68;46.08790808;6.606784607;51.75;8.44;17.5
4/11/2015;11;70.28;44.72472841;6.670042349;51;8.39;17.4
5/11/2015;11;69.88;44.09521184;6.658395368;51;8.46;17.08
6/11/2015;11;69.27;44.16092382;6.770348296;51.25;8.4;17.2
9/11/2015;11;68.47;43.9017583;6.772723044;51.25;8.31;16.48
10/11/2015;11;67.61;44.24135037;6.789144829;51;8.44;16.63
11/11/2015;11;66.64;42.64172019;6.776505632;51.05;8.44;16.35
12/11/2015;11;65.6;40.73218083;6.730146991;51.35;8.37;16.2
16/11/2015;11;64.57;41.70722576;7.090041183;51.8;8.53;16.8
17/11/2015;11;63.62;40.94539987;7.118691852;52.1;8.61;17.05
18/11/2015;11;62.58;41.41489961;7.107337211;52.6;8.58;17.3
19/11/2015;11;61.51;41.16660455;7.016399553;52.5;8.63;17.4
20/11/2015;11;60.48;41.96185286;7.03748943;51.65;8.51;17.5
23/11/2015;11;59.47;42.15723152;7.043445552;50.65;8.56;17.6
24/11/2015;11;58.5;43.34586466;6.973684211;50.7;8.65;17.7
25/11/2015;11;57.62;43.45002823;6.916996047;50.5;8.62;17.88
27/11/2015;11;56.79;42.36071766;6.883852691;50.4;8.58;17.7
30/11/2015;11;55.87;42.23232036;6.887247941;49.7;8.58;18.2
1/12/2015;12;55.13;41.80227636;6.913742828;48.5;8.56;17.95
2/12/2015;12;54.56;40.04335124;6.926774102;48.05;8.48;17.85
3/12/2015;12;54.09;40.08045346;6.756262571;47.2;8.59;17.15
4/12/2015;12;53.73;39.50753399;6.789783168;46.75;8.52;17.15
7/12/2015;12;53.51;37.59113982;6.820489156;46;8.41;16.78
8/12/2015;12;53.3;36.95951529;6.784173322;45.68;8.41;16.75
9/12/2015;12;52.86;36.38095238;6.702947846;46.2;8.4;16.65
10/12/2015;12;52.47;36.31627057;6.755027422;46.4;8.36;16.5
11/12/2015;12;52.15;34.52261764;6.726130882;46.05;8.07;16.23
14/12/2015;12;51.87;34.50409463;6.724294813;46.5;8.07;16.08
15/12/2015;12;51.67;35.18806626;6.76306397;46.8;8.19;15.95
16/12/2015;12;51.59;34.08486848;6.598845202;46.86;8.13;15.25
17/12/2015;12;51.5;34.23556582;6.651270208;46.93;8.07;15.5
18/12/2015;12;51.24;33.94385642;6.626783249;46.33;8.06;14.9
21/12/2015;12;50.99;33.31195015;6.520344575;46.92;8.19;14.35
22/12/2015;12;50.75;32.96512689;6.417746942;46.56;8.25;13.85
23/12/2015;12;50.59;34.24695206;6.444220369;47.03;8.22;13.93
24/12/2015;12;50.47;34.54280244;6.345154526;47.37;8.19;14.2
28/12/2015;12;50.41;33.39717282;6.315549476;47.39;8.31;14.42
29/12/2015;12;50.32;34.61573692;6.283777595;47.64;8.27;15.4
30/12/2015;12;50.08;33.36078324;6.276878031;47.83;8.21;14.3
31/12/2015;12;49.76;34.32780847;6.316758748;47.4;8.22;14.4
4/01/2016;1;49.34;34.37067135;6.334841629;46.55;8.04;14.68
5/01/2016;1;49.09;33.89168063;6.351200447;46.1;7.99;14.7
6/01/2016;1;48.91;31.75913899;6.313787345;46.9;7.74;15.18
7/01/2016;1;48.82;30.8670203;6.19626852;47.5;7.54;15.38
8/01/2016;1;48.77;30.69814256;6.199103303;46.1;7.41;14.57
11/01/2016;1;48.64;29.05424072;6.239064371;45.7;7.12;14.48
12/01/2016;1;48.55;28.4319145;6.223512069;45;7.1;14.05
13/01/2016;1;48.45;27.87639106;6.198841166;44.5;7.24;14.25
14/01/2016;1;48.39;28.56222386;6.190169367;44.35;7.08;13.82
19/01/2016;1;48.38;26.37322329;5.029802843;43.8;6.81;13.7
20/01/2016;1;48.45;25.60382037;4.871889062;44.75;6.31;13.05
21/01/2016;1;48.51;26.90397351;4.727740986;44.8;6.17;12.98
22/01/2016;1;48.48;29.812859;4.74337595;45.6;6.32;13.5
25/01/2016;1;48.47;28.11837374;4.720199133;44.8;5.87;12.77
26/01/2016;1;48.54;29.25752139;4.710644954;45;6.07;13.05
27/01/2016;1;48.58;30.39206684;4.641447066;45.45;5.9;13.4
28/01/2016;1;48.67;30.98655939;4.621925574;45.4;6.06;13.75
29/01/2016;1;48.8;32.06571903;4.665866716;45;6.04;13
1/02/2016;2;48.97;31.4532427;4.689509462;43.9;5.68;12.82
2/02/2016;2;49.05;29.97434958;4.791132283;44;5.81;13.05
3/02/2016;2;49.11;31.5590381;4.777987931;45.2;5.61;13.15
4/02/2016;2;49.19;30.75138319;4.800999465;44.5;5.6;12.45
5/02/2016;2;49.28;30.53065615;4.822517031;43.55;5.54;12.7
8/02/2016;2;49.41;29.37025458;4.805716838;42.95;5.23;12.25
9/02/2016;2;49.53;26.85324595;4.764856966;43;4.95;12.18
10/02/2016;2;44.94;27.31862875;4.765701125;42.95;4.87;12.18
11/02/2016;2;44.98;26.5524247;4.752230368;42.85;4.73;12
12/02/2016;2;45.07;29.6322615;4.778823947;43.15;5.05;12.15
16/02/2016;2;45.15;28.88430123;4.218651827;42.8;4.67;12.58
17/02/2016;2;45.25;31.0056619;4.223959738;42.95;5.07;12.32
18/02/2016;2;45.41;30.87453841;4.192560569;43.15;5.24;12.35
19/02/2016;2;45.59;29.65325189;4.18163852;44;5.15;12.23
22/02/2016;2;45.74;31.46199891;4.149283512;45.55;5.4;12.65
23/02/2016;2;45.87;30.1987837;4.116365617;46;4.89;12.7
24/02/2016;2;45.92;31.25056761;4.055035873;45.6;4.85;12.48
25/02/2016;2;45.93;32.02068778;4.051356501;45;5.06;12.27
26/02/2016;2;45.98;32.11051139;4.057268319;44.75;4.98;12.25
29/02/2016;2;46.05;33.08803238;4.079661485;44.2;4.99;12.75
1/03/2016;3;46.17;33.88254786;4.054675994;43.9;4.99;12.55
2/03/2016;3;46.3;33.98674765;4.053929689;43.75;4.95;12.6
3/03/2016;3;46.31;33.83842994;4.020994979;44.33;4.88;12.5
4/03/2016;3;46.29;35.19680029;3.990546314;45.5;4.92;12.28
7/03/2016;3;46.27;37.08681438;3.986560116;46.7;5.09;12.48
8/03/2016;3;46.27;36.01598692;3.996729948;45.95;5.01;12.35
9/03/2016;3;46.32;37.34654906;4.023824679;45.7;5.07;12.3
10/03/2016;3;46.47;35.8357194;3.977272727;45.95;4.9;12.13
11/03/2016;3;46.65;36.22421525;4;46;4.98;12.4
14/03/2016;3;46.76;35.59978386;4.016570605;45.28;4.85;12.33
15/03/2016;3;46.87;34.87576521;4.015124235;44;4.85;12.25
16/03/2016;3;47.04;35.93833541;3.92086972;45;4.95;12.4
17/03/2016;3;47.22;36.70584077;3.887956172;46.5;4.99;12.38
18/03/2016;3;47.43;36.56696547;3.905209905;46.75;4.93;12.28
21/03/2016;3;47.76;36.96058368;3.839309547;46.3;4.86;12
22/03/2016;3;48.12;37.2659176;3.847868736;45.25;4.81;12.15
23/03/2016;3;48.38;36.18885809;3.858535277;44.55;4.79;12.05
24/03/2016;3;48.69;36.19439721;3.861988723;45.01;4.84;11.95
28/03/2016;3;48.94;35.97784329;3.855088001;44.95;4.84;12.22
29/03/2016;3;49.18;34.67091859;3.822304899;44.38;4.77;11.93
30/03/2016;3;49.47;34.63302752;3.806457304;44.55;4.95;12.1
31/03/2016;3;49.77;34.80400773;3.766039726;44.9;5.2;12.4
1/04/2016;4;50.05;33.96276129;3.763393641;44.85;5.16;11.53
4/04/2016;4;50.27;33.0904302;3.74451273;44.38;5.32;11.4
5/04/2016;4;50.53;33.27183272;3.747144614;43.85;5.23;11.35
6/04/2016;4;50.82;34.95656752;3.733438624;44.5;5.3;11.32
7/04/2016;4;51.12;34.66373626;3.740659341;43.8;5.27;11.43
18/04/2016;4;51.43;37.93316832;3.536067893;47.5;5.46;11.77
19/04/2016;4;51.72;38.77245509;3.522367031;47.81;5.56;11.93
20/04/2016;4;52.02;40.54891545;3.581230633;46.75;5.54;11.95
21/04/2016;4;52.25;39.45596314;3.805599858;45.25;5.74;12.78
22/04/2016;4;52.46;40.16918967;3.824577026;46.2;5.96;13.28
25/04/2016;4;52.64;39.49214241;3.915475451;46.4;5.89;13.25
26/04/2016;4;52.9;40.4850416;3.960878032;46.94;6.61;14.38
27/04/2016;4;53.19;41.6821274;4.010955031;46.35;6.83;14.45
28/04/2016;4;53.56;42.41036032;4.026076998;46.25;6.33;13.08
29/04/2016;4;53.91;42.02025493;3.989872534;45.8;6.17;12.9
2/05/2016;5;54.2;39.75192992;3.963917079;46.33;6.1;12.65
3/05/2016;5;54.51;39.12135711;3.932144411;45.7;5.98;12.18
4/05/2016;5;54.8;38.85067479;3.918154114;45.75;6.12;12.3
5/05/2016;5;55.14;39.46860751;3.945983865;46.13;6.19;12.6
6/05/2016;5;55.49;39.79126469;3.920364848;47.5;5.85;12.75
9/05/2016;5;55.89;38.33582286;3.914418768;47.7;5.69;12.95
10/05/2016;5;56.29;40.04222379;3.918895144;47.5;5.89;12.82
11/05/2016;5;56.66;41.66301969;3.899343545;48.5;6.01;13
12/05/2016;5;56.98;42.26813187;3.920879121;48.6;5.8;12.73
16/05/2016;5;57.32;43.27500884;3.954577589;49.21;6.1;13.1
17/05/2016;5;57.6;43.56820794;3.956325701;49.45;6.04;13.07
18/05/2016;5;58.02;43.62906821;4.110566206;48.85;6.05;13.15
19/05/2016;5;58.4;43.57257633;4.115336547;48.1;5.98;12.9
20/05/2016;5;58.76;43.41472108;4.108002139;48.35;5.95;12.85
23/05/2016;5;59.08;43.10805991;4.110199715;48.2;5.72;12.83
24/05/2016;5;59.39;43.63554758;4.138240575;48.2;5.78;13.02
25/05/2016;5;59.67;44.59786605;4.133417018;49.25;5.85;13.18
26/05/2016;5;59.99;44.3084346;4.163688349;50.2;6.01;13.6
27/05/2016;5;60.35;44.37646212;4.192909843;51.06;6.02;14.1
31/05/2016;5;60.73;44.64911492;4.23218618;51.05;6.08;14.18
1/06/2016;6;61.12;44.4523916;4.19311578;50.3;5.95;14.35
2/06/2016;6;61.42;44.88294914;4.264956498;50.75;6.01;14.68
3/06/2016;6;61.7;43.67795864;4.183897932;52.3;5.93;14.3
6/06/2016;6;61.94;44.53352128;4.202272927;52.3;6.19;14.6
7/06/2016;6;62.21;45.29764001;4.226840437;53.15;6.1;14.93
8/06/2016;6;62.51;46.09375;4.213483146;52.43;6.09;14.53
9/06/2016;6;62.85;45.91656355;4.242531377;51.25;6.1;14.32
10/06/2016;6;63.19;44.92843808;4.284825318;50.9;5.94;13.85
13/06/2016;6;63.44;44.59698849;4.28255093;50.95;5.84;13.78
14/06/2016;6;63.68;44.46724969;4.314652865;51.25;5.84;14.13
15/06/2016;6;63.92;43.50182109;4.295105268;52.15;5.89;14.1
16/06/2016;6;64.17;42.04758086;4.49968814;53.28;5.7;14.27
17/06/2016;6;64.44;43.61362427;4.479332979;54.25;5.66;14.35
20/06/2016;6;64.78;44.78337754;4.504862953;57;5.84;15
21/06/2016;6;65.12;45.03558719;4.684163701;55.7;5.54;14.82
22/06/2016;6;65.46;44.16113324;4.661354582;56.2;5.67;15.05
23/06/2016;6;65.71;44.71673254;4.659639877;56.39;5.63;15.15
24/06/2016;6;65.95;43.55375619;4.77282951;55;4.95;14.45
27/06/2016;6;66.18;42.78715297;4.754128107;53;4.76;14.05
28/06/2016;6;66.48;43.90420244;4.73565296;53.75;4.68;14.13
29/06/2016;6;66.85;45.50031466;4.710959274;54.05;4.51;14.33
30/06/2016;6;67.15;44.74063401;4.696505764;55.05;4.46;14
1/07/2016;7;67.45;45.21778177;4.683430624;57.14;4.61;14.35
5/07/2016;7;67.69;43.30474041;4.690744921;58.4;4.7;14.15
6/07/2016;7;67.94;43.96792504;4.680601856;57;4.58;14.07
7/07/2016;7;68.19;41.95677729;4.697531422;57.73;4.57;14.3
8/07/2016;7;68.47;42.30908433;4.727651104;58.07;4.53;14
11/07/2016;7;68.82;41.83248915;4.744030391;58;4.42;13.88
12/07/2016;7;69.17;43.83648368;4.752645383;59;4.62;14.3
13/07/2016;7;69.43;41.72077922;4.748376623;59.88;4.78;14.2
14/07/2016;7;69.62;42.60658392;4.744558374;61.25;4.77;14.25
15/07/2016;7;69.82;43.14845024;4.780677905;61.1;4.92;14.2
18/07/2016;7;70.06;42.41712582;5.103423358;61.63;4.84;14.15
19/07/2016;7;70.32;42.33735596;5.21277561;60.33;4.66;14.25
20/07/2016;7;70.66;42.83119949;5.257423045;58.55;4.68;14.52
21/07/2016;7;71.02;41.91236505;5.329765037;58.5;4.64;14.8
22/07/2016;7;71.31;41.63856739;5.426957076;58.85;4.55;14.55
25/07/2016;7;71.58;40.69153776;5.454959054;58.8;4.58;14.63
26/07/2016;7;71.85;40.84289095;5.456945203;59.95;4.5;14.5
27/07/2016;7;72.12;39.32157395;5.422885572;60.75;4.52;14.23
28/07/2016;7;72.4;38.55878635;5.413581362;61.41;4.47;13.8
29/07/2016;7;72.73;38.01253357;5.367054611;61.78;4.41;13.55
1/08/2016;8;73.09;37.76324043;5.372345192;63.16;4.37;13.65
2/08/2016;8;73.38;37.23830735;5.278396437;62.9;4.4;13.5
3/08/2016;8;73.65;38.66511169;5.243563291;62.05;4.62;13.15
4/08/2016;8;73.9;39.80050324;5.252516175;61;4.68;13.35
5/08/2016;8;74.22;39.9368516;5.272891295;58.75;4.72;12.45
8/08/2016;8;74.55;40.92876465;5.247971145;59.15;4.94;12.52
9/08/2016;8;74.93;40.46055591;5.235225331;61.65;4.87;12.65
10/08/2016;8;75.3;39.4218722;5.195095758;61.48;4.76;12.68
11/08/2016;8;75.7;41.34710373;5.213291423;61.78;4.87;12
12/08/2016;8;76.02;42.09535759;5.202545259;62.45;4.89;11.7
15/08/2016;8;76.3;43.23526782;5.190914781;63.6;4.8;11.15
16/08/2016;8;76.61;43.65909897;4.833274211;62.86;4.69;11.5
17/08/2016;8;76.95;44.16976785;4.873294347;62.89;4.48;11.6
18/08/2016;8;77.31;44.829105;4.84496124;62.09;4.68;11.43
19/08/2016;8;77.68;44.92715232;4.966887417;60;4.76;10.58
22/08/2016;8;78;43.4467521;4.971277066;60;4.89;11.05
23/08/2016;8;78.31;44.20065469;4.910200832;60.3;4.7;11.35
24/08/2016;8;78.6;43.55741053;4.928514342;59.05;4.6;11.05
25/08/2016;8;78.89;44.03759199;4.920648994;58.18;4.7;11.1
26/08/2016;8;79.23;44.59133542;4.930772666;59.5;4.69;11.5
29/08/2016;8;79.56;44.02931713;4.880228817;60.16;4.69;12.05
30/08/2016;8;79.9;43.41621039;4.900816803;59.88;4.54;11.8
31/08/2016;8;80.21;42.16565077;4.871817856;61.4;4.46;11.75
1/09/2016;9;80.51;40.59485531;4.85441229;63.02;4.37;11.88
2/09/2016;9;80.83;41.98870259;4.873128306;63.28;4.08;12.25
6/09/2016;9;81.15;42.00142197;4.8302524;64.16;4.13;11.9
7/09/2016;9;81.46;42.69822906;4.836700187;63.2;4.01;11.2
8/09/2016;9;81.8;44.40397939;4.867649671;61.91;4.08;11.18
9/09/2016;9;82.15;42.75536557;4.880220857;61.45;4.08;11.15
12/09/2016;9;82.45;43.01994302;4.852207977;61.1;4.03;10.7
13/09/2016;9;82.71;41.98983685;4.88544174;62.05;4.02;11.05
14/09/2016;9;82.99;40.75917859;4.862654458;63.15;3.98;10.93
15/09/2016;9;83.27;41.44649053;4.866115114;64.01;4.14;11.65
16/09/2016;9;83.55;41.03828566;5.043486058;64.1;4.36;11.88
19/09/2016;9;83.87;41.12592858;5.034458069;64.5;4.4;13.4
20/09/2016;9;84.18;41.14060258;5.043938307;64.58;4.16;12.43
21/09/2016;9;84.45;41.86857398;5.087170317;65.85;4.21;13.1
22/09/2016;9;84.73;42.51806906;5.077183903;66.63;4.42;13.18
23/09/2016;9;85;40.89288897;5.10158617;66.99;4.54;13.5
26/09/2016;9;85.27;42.07766818;5.12307829;67.94;4.62;13.45
27/09/2016;9;85.52;40.99705699;5.141353786;67.89;4.43;12.85
28/09/2016;9;85.81;43.41894061;5.194399857;70;4.95;13.5
29/09/2016;9;86.11;43.88200695;5.204527226;71.68;5.02;13.55
30/09/2016;9;86.32;43.65545471;5.254493682;70.63;4.96;13.48
3/10/2016;10;86.57;45.40101704;5.308234454;72.78;5.31;12.5
4/10/2016;10;86.82;45.41153365;5.333868952;73.65;5.21;13.82
5/10/2016;10;87.05;46.29530441;5.329405463;74.41;5.48;15.1
6/10/2016;10;87.28;47.09839447;5.354740335;76.7;5.86;15.38
7/10/2016;10;87.58;46.37021163;5.344227163;76.25;5.69;15.45
10/10/2016;10;87.87;47.71482446;5.37397863;75.5;5.66;15.55
11/10/2016;10;88.02;47.41699086;5.410295847;74.03;5.43;15.55
12/10/2016;10;88.15;47.0743231;5.428856987;74.55;5.52;15.35
13/10/2016;10;88.29;47.06041968;5.408827786;75.3;5.65;15.65
17/10/2016;10;88.42;46.84914067;6.024370283;75.7;5.87;16
18/10/2016;10;88.61;47.07597012;6.080342503;83.5;5.95;16.75
19/10/2016;10;88.82;48.00401021;6.083667517;81.2;5.67;16.95
20/10/2016;10;89.05;47.01683748;6.144765739;80.5;5.58;17.05
21/10/2016;10;89.17;47.58316486;6.248851314;80.95;5.89;17
24/10/2016;10;89.27;47.29779412;6.25;84.3;5.81;17.35
25/10/2016;10;89.41;46.65625574;6.278706596;84.5;5.81;17.7
26/10/2016;10;89.53;45.82378289;6.266617768;85;5.94;17.27
27/10/2016;10;89.68;46.32825408;6.333761704;84.06;5.81;17.35
28/10/2016;10;89.89;45.26085769;6.332513885;82.64;5.88;16.9
31/10/2016;10;90.09;43.99307769;6.348483468;84.06;5.9;17.8
1/11/2016;11;90.26;43.5537863;6.305980277;85.2;6.03;18.05
2/11/2016;11;90.4;42.23904813;6.300703083;84.6;6.24;19.15
3/11/2016;11;90.54;41.7454742;6.28658921;85.5;6.5;18.8
4/11/2016;11;90.7;40.93399192;6.304445442;86.2;6.41;18.25
7/11/2016;11;90.9;41.81011053;6.364377605;89;6.23;17.88
8/11/2016;11;91.11;41.76721401;6.395718044;87.54;6.15;17.85
9/11/2016;11;91.34;42.49702081;6.471720598;90.5;6.13;18.02
10/11/2016;11;91.5;42.09752962;6.465240151;90.5;5.92;18.1
11/11/2016;11;91.63;41.24423963;6.493087558;87.5;5.67;18.18
14/11/2016;11;91.78;41.39183902;6.549282653;89;5.41;17.6
15/11/2016;11;91.9;43.79664179;6.557835821;86;5.74;17.92
16/11/2016;11;92.06;43.64061769;6.832007487;84.5;5.55;17.45
17/11/2016;11;92.25;43.75529412;6.734117647;80.5;5.9;17.78
18/11/2016;11;92.42;44.27019367;6.665092111;79;5.58;17.98
21/11/2016;11;92.5;46.01486779;6.732850287;78.7;5.48;17.3
22/11/2016;11;92.59;46.23493976;6.734751506;80.2;5.51;17.65
23/11/2016;11;92.61;46.37173172;6.744979159;81.08;5.39;17.73
25/11/2016;11;92.68;44.63340892;6.689342404;82.18;5;17.78
28/11/2016;11;92.77;45.45368887;6.67106379;84.08;4.74;18.4
29/11/2016;11;92.89;43.56156664;6.706114398;85.65;4.56;18.4
30/11/2016;11;93;47.68068021;6.783183751;86.25;4.58;18.2
1/12/2016;12;93.02;50.60037523;6.876172608;78.27;4.46;18.08
2/12/2016;12;93.06;51.04029991;6.897844424;78.26;4.3;17.6
5/12/2016;12;93.1;51.04999071;7.006132689;75.13;4.37;16.92
6/12/2016;12;93.19;50.32191845;7.138191658;72;4.5;16.48
7/12/2016;12;93.3;49.29773975;7.115617152;69.25;4.3;16.43
8/12/2016;12;93.47;50.76778144;7.324540744;72.16;4.61;16.6
9/12/2016;12;93.65;51.45373615;7.41547495;75.5;4.46;16.6
12/12/2016;12;93.78;52.36975738;7.405491819;77.51;4.87;17.2
13/12/2016;12;93.84;52.44235294;7.392941176;78.75;4.79;17.3
14/12/2016;12;93.86;51.1627907;7.456098719;80.25;5.01;17
15/12/2016;12;93.88;51.88244333;7.544179793;80.95;4.84;17
16/12/2016;12;93.87;52.84770748;8.423470853;82.25;4.93;17.5
19/12/2016;12;93.88;52.79753893;8.459911555;81.5;5.09;17.8
20/12/2016;12;93.83;53.298026;8.473760231;82.8;5.23;17.73
21/12/2016;12;93.64;52.2498321;8.442866737;82.75;5.8;17.95
22/12/2016;12;93.43;52.75515093;8.433157643;82.38;6.07;18.13
23/12/2016;12;93.25;52.76449206;8.417830496;84;6.22;18.4
27/12/2016;12;93.16;53.64897178;8.417025347;83.91;6.32;18.6
28/12/2016;12;93.07;54.0213318;8.455847026;84.48;6.32;18.78
29/12/2016;12;93.03;53.51763584;8.388941849;86.5;6.34;18.92
30/12/2016;12;92.98;54.04736992;8.370588795;86.85;6.54;19.75
3/01/2017;1;92.85;53.3160323;8.458285275;78.25;5.41;18.5
4/01/2017;1;92.67;53.84321953;8.392141903;78;5.7;19.38
5/01/2017;1;92.46;53.65462605;8.299537867;78.8;5.27;18.77
6/01/2017;1;92.16;54.22602089;8.357075024;79.07;5.03;18.65
9/01/2017;1;91.98;51.96746122;8.323874385;78.33;5.25;19.2
10/01/2017;1;91.88;50.82914811;8.338860987;79;5.49;20.1
11/01/2017;1;91.76;52.07939509;8.31758034;82.45;5.51;20.6
12/01/2017;1;91.54;52.78982092;8.294062205;85;5.03;20.8
13/01/2017;1;91.31;52.10976412;8.269899446;85.5;5.03;20.17
17/01/2017;1;91.09;51.78304705;7.468259895;87.75;4.99;20.05
18/01/2017;1;90.81;50.724365;7.525870179;88.15;4.83;20.05
19/01/2017;1;90.55;50.79245991;7.502579012;86.28;5.19;20.67
20/01/2017;1;90.36;51.86466025;7.47733433;85.41;5.42;20.75
23/01/2017;1;90.2;51.32422637;7.434253322;87.5;5.31;22.2
24/01/2017;1;89.93;51.66821994;7.455731594;86.5;5.07;21.83
25/01/2017;1;89.7;51.26582278;7.446016381;84.25;4.97;20.65
26/01/2017;1;89.45;52.65917603;7.490636704;82.73;5.19;20.25
27/01/2017;1;89.2;51.91696278;7.480830372;81.15;4.91;19.7
30/01/2017;1;88.96;51.65544332;7.482229704;81.5;5.15;20.7
31/01/2017;1;88.83;51.59796202;7.410838351;85.5;5.35;21.2
1/02/2017;2;88.71;52.75378471;7.430110523;81.5;5.26;22.27
2/02/2017;2;88.51;52.57482803;7.436326455;81;5.22;22
3/02/2017;2;88.29;52.69455524;7.420461924;81.3;5.15;23
6/02/2017;2;88.04;51.83738022;7.442552796;80.25;5.09;23
7/02/2017;2;87.71;51.54494382;7.490636704;80.2;5.16;21.88
8/02/2017;2;87.29;51.52846593;7.478732355;79.35;5.21;20.55
9/02/2017;2;86.95;52.21513047;7.508916839;79.5;5.27;20.6
10/02/2017;2;86.61;53.29949239;7.520210566;77.5;5.11;20.1
13/02/2017;2;86.06;52.4582429;7.549306407;75.25;4.89;19.08
14/02/2017;2;85.61;52.91670606;7.563581356;74.9;5.12;18.6
15/02/2017;2;85.17;52.60426496;7.548594074;76;5.05;18.8
16/02/2017;2;84.53;52.1458021;6.23125937;77;4.93;18.9
17/02/2017;2;83.92;52.59636227;6.267081331;78.08;4.97;18.23
21/02/2017;2;83.4;53.78262933;6.312292359;81.08;5.04;17.77
22/02/2017;2;82.9;52.90383704;6.300331596;80.2;5.06;17.8
23/02/2017;2;82.24;53.483316;6.286038378;80.75;5.34;18.45
24/02/2017;2;81.52;53.02083333;6.297348485;80;5.38;17.55
27/02/2017;2;80.73;52.838923;6.282475201;79;5.19;17.23
28/02/2017;2;79.91;52.56737589;6.288416076;78.58;5.23;17.1
1/03/2017;3;79.27;53.44206334;6.305708325;75.25;5.9;17.15
2/03/2017;3;78.89;52.42718447;6.329716353;75.53;5.46;17.02
3/03/2017;3;78.58;52.63653484;6.261770245;73.35;5.59;16.7
6/03/2017;3;78.17;52.94951787;6.286632634;73.6;5.48;16.83
7/03/2017;3;77.75;52.92948415;6.294368197;72.93;5.37;16.4
8/03/2017;3;77.3;50.3937755;6.309896575;72.25;5.23;16.45
9/03/2017;3;76.86;49.35224586;6.288416076;72;5.12;16.05
10/03/2017;3;76.24;48.14884244;6.233011529;72.35;5.16;16
13/03/2017;3;75.93;48.2023843;6.24237304;72.75;5.15;15.83
14/03/2017;3;75.67;48.02867384;6.272401434;73;5.1;15.95
15/03/2017;3;75.45;48.27618338;6.196421916;72;5.19;15.77
16/03/2017;3;75.32;48.06763285;5.759940543;72.03;5.14;15.73
17/03/2017;3;75.17;48.21162444;5.774962742;72.13;5.13;15.7
20/03/2017;3;74.99;48.07674397;5.774424886;71;4.99;15.4
21/03/2017;3;74.84;47.15025907;5.736491488;70.5;4.93;15.52
22/03/2017;3;74.68;46.91060676;5.743399722;69.45;4.96;15.45
23/03/2017;3;74.51;46.90166976;5.751391466;70.5;4.97;15.2
24/03/2017;3;74.35;47.05010651;5.742335834;70.5;4.76;14.9
27/03/2017;3;73.88;46.71391753;5.706921944;69.95;4.62;14.73
28/03/2017;3;73.47;47.47502775;5.734369219;69.25;4.73;14.6
29/03/2017;3;73.07;48.69032138;5.758870518;70.8;4.75;15
30/03/2017;3;72.76;49.61588908;5.808506652;71.1;4.91;15.68
31/03/2017;3;72.48;49.61029205;5.822142924;72.35;4.68;15.32
3/04/2017;4;72.18;49.79377578;5.811773528;75.5;4.86;16.1
4/04/2017;4;71.74;50.7589955;5.809595202;76.1;4.64;16.05
5/04/2017;4;71.29;50.98480585;5.815044082;76.19;4.81;16.3
6/04/2017;4;70.77;51.57865063;5.825972562;76.73;5.05;15.98
7/04/2017;4;70.25;52.17227049;5.855685682;76;4.88;15.6
10/04/2017;4;69.69;52.8462192;5.852921741;75.26;4.78;15.6
11/04/2017;4;69.25;53.0371628;5.847953216;73.7;4.86;15.65
12/04/2017;4;68.78;52.38184546;5.813953488;73.1;4.92;15.73
13/04/2017;4;68.08;52.66679231;5.842442518;73.53;4.94;15.7
17/04/2017;4;67.35;52.03007519;5.733082707;74.15;4.94;15.97
18/04/2017;4;66.54;51.14610511;5.683935893;73.5;4.85;16.4
19/04/2017;4;65.67;49.42571669;5.696143431;74;4.82;16.25
20/04/2017;4;64.86;49.45865223;5.69348516;74.54;4.74;16.1
21/04/2017;4;64.24;48.44303561;5.68711542;74.5;4.56;16.58
24/04/2017;4;63.69;47.48320604;5.613324745;73.75;4.63;16.27
25/04/2017;4;63.01;47.68878719;5.583524027;73.2;4.49;16.08
26/04/2017;4;62.33;47.52820325;5.594790425;73.78;4.6;16.4
27/04/2017;4;61.59;47.31420162;5.610743194;74.15;4.54;16.15
28/04/2017;4;60.82;47.48049564;5.598898577;74.63;4.56;16.55
1/05/2017;5;60.07;47.27472931;5.597357313;74.35;4.56;16.72
2/05/2017;5;59.47;46.17918916;5.582502059;73.5;4.44;16.7
3/05/2017;5;58.94;46.67340562;5.605587208;73.63;4.39;16.6
4/05/2017;5;58.27;44.04588492;5.553532411;72.75;4.51;16.1
5/05/2017;5;57.75;44.65666212;5.547976353;72.6;4.57;16
8/05/2017;5;57.3;45.1748764;5.585057682;71.65;4.42;15.82
9/05/2017;5;56.9;44.82155997;5.610743194;70.85;4.51;15.85
10/05/2017;5;56.48;46.21755936;5.61384134;71.9;4.45;15.95
11/05/2017;5;56.13;46.74523525;5.616425743;71.53;4.34;15.3
12/05/2017;5;55.75;46.522694;5.581991215;71.75;4.45;15.58
15/05/2017;5;55.24;47.22500683;5.559099608;72.03;4.38;15.48
16/05/2017;5;54.68;46.60711063;5.459303375;72.75;4.53;15.57
17/05/2017;5;54.12;46.7915397;5.422118659;74;4.57;15.5
18/05/2017;5;53.5;47.30204486;5.449959463;74.3;4.76;15.6
19/05/2017;5;52.86;47.84898251;5.399857194;76.2;4.85;15.3
22/05/2017;5;52.29;47.94410822;5.384478462;75.3;4.9;15.25
23/05/2017;5;51.74;48.42604185;5.41048113;76.7;4.75;15.55
24/05/2017;5;51.02;48.10555407;4.956762058;76.5;4.91;15.2
25/05/2017;5;50.29;45.90953698;4.929074851;76.48;4.98;15
26/05/2017;5;49.53;46.63745305;4.914147737;76.08;5.19;15.1
30/05/2017;5;48.84;46.35607619;4.886881874;77.7;5.14;15.58
31/05/2017;5;48.28;44.75580464;4.861667111;77.15;4.98;15.3
1/06/2017;6;47.87;45.16100259;4.861296941;75.95;5.08;15.07
2/06/2017;6;47.55;44.28191489;4.831560284;77.08;5.16;14.65
5/06/2017;6;46.98;43.96551724;4.87024529;77.9;5.17;15.05
6/06/2017;6;46.59;44.45232816;4.864745011;77.55;4.97;14.85
7/06/2017;6;45.93;42.70102177;4.873389605;77.4;4.87;14.98
8/06/2017;6;45.17;42.68640742;4.883160899;77.85;5.04;15.08
9/06/2017;6;44.38;43.02180129;4.891887062;78.68;5.04;15.07
12/06/2017;6;43.7;43.11607143;4.892857143;78.13;4.91;15.13
13/06/2017;6;43.05;43.44569288;4.886748707;77.9;5;15.18
14/06/2017;6;42.33;41.90068646;4.88544174;77.35;4.93;15.1
15/06/2017;6;41.68;42.10715247;4.917885668;77.65;4.95;14.7
16/06/2017;6;41.06;42.30597481;4.86737519;78.18;4.87;15.18
19/06/2017;6;40.51;42.07929673;4.888769286;78.75;4.92;15.38
20/06/2017;6;40.04;41.33285432;4.935333214;79.6;4.94;15.38
21/06/2017;6;39.68;40.13970983;4.921189325;79.01;4.87;15.38
22/06/2017;6;39.32;40.55605381;4.928251121;78.7;4.86;15.23
23/06/2017;6;38.9;40.68977841;4.909756969;78.73;4.86;15.07
26/06/2017;6;38.55;40.99651132;4.9154665;79.3;4.77;15.4
27/06/2017;6;38.25;41.14845197;4.846961277;78.98;4.93;15.32
28/06/2017;6;38;41.58755274;4.830344585;80;4.93;15.43
29/06/2017;6;37.81;41.45104895;4.803321678;79.5;5.06;14.98
30/06/2017;6;37.66;41.95045084;4.797338703;80.15;5.02;15.35
3/07/2017;7;37.47;43.73239437;4.832746479;80;5.13;15.8
5/07/2017;7;37.07;42.09830867;4.814129669;81.9;5.04;15.35
6/07/2017;7;36.55;42.12046927;4.767116092;84;5.23;15.13
7/07/2017;7;35.96;40.97368421;4.776315789;83.5;5.33;15.02
10/07/2017;7;35.34;41.1264146;4.776734801;83;5.39;15.03
11/07/2017;7;34.76;41.44788487;4.749236808;82.7;5.32;14.7
12/07/2017;7;34.34;41.8404908;4.772129711;82.43;5.47;14.75
13/07/2017;7;33.98;42.49232119;4.778411584;81.85;5.35;15.05
14/07/2017;7;33.47;42.65282986;4.748408476;81.4;5.41;15
17/07/2017;7;33.05;42.18504966;4.857117965;81.88;5.43;14.9
18/07/2017;7;32.58;42.27839335;4.826004155;83.08;5.45;14.98
19/07/2017;7;32.19;43.1648428;4.841931562;82;5.38;15.03
20/07/2017;7;31.82;42.39401496;4.811247743;82.5;5.29;15.3
21/07/2017;7;31.45;41.21430409;4.798044765;82.89;5.08;15.07
24/07/2017;7;31.03;41.75975253;4.82471215;81.75;5.13;14.95
25/07/2017;7;30.5;43.08643035;4.819328813;82.3;5.15;15.1
26/07/2017;7;29.95;43.44527787;4.815888169;82.63;5.24;15.4
27/07/2017;7;29.45;44.09900651;4.890373416;81.85;5.13;15.05
28/07/2017;7;29.01;44.69787234;4.885106383;81.85;5.17;15
31/07/2017;7;28.66;44.46790541;4.898648649;83.38;5.22;15.05
1/08/2017;8;28.44;43.87763749;4.89365308;82.58;5.29;14.75
2/08/2017;8;28.25;44.17074405;4.871773241;81.45;5.42;14.93
3/08/2017;8;27.7;43.82372767;4.870239299;81.76;5.42;15.13
4/08/2017;8;27.31;44.54452753;4.937117607;83.28;5.34;15.18
7/08/2017;8;27.02;44.40769948;4.930891207;83.6;5.26;15.55
8/08/2017;8;26.71;44.37824496;4.97489148;83.45;5.26;15.48
9/08/2017;8;26.44;44.82435996;4.971506337;83.75;5.36;15.88
10/08/2017;8;26.29;44.09515718;4.970263381;84.5;5.36;16.15
11/08/2017;8;26.2;44.07783418;4.949238579;84.5;5.38;16.2
14/08/2017;8;25.96;43.07182883;4.97113262;86;5.51;15.83
15/08/2017;8;25.8;43.29668456;5.002983039;85.13;5.52;15.8
16/08/2017;8;25.68;42.71753909;5.332256968;85.13;5.79;16.2
17/08/2017;8;25.68;43.52981319;5.331399812;85.13;5.8;16.1
18/08/2017;8;25.67;44.82993197;5.31462585;85.13;5.81;16.4
21/08/2017;8;25.83;43.7277806;5.218384967;85.13;5.74;16.3
22/08/2017;8;26.09;44.10714286;5.225340136;86.4;5.77;16.25
23/08/2017;8;26.28;44.53197798;5.205421432;86.76;5.94;16.58
24/08/2017;8;26.5;44.11291006;5.179282869;87.1;5.94;16.3
25/08/2017;8;26.77;43.95337135;5.124119423;88.5;6.08;16.45
28/08/2017;8;27.03;43.32470569;5.101444435;88.5;6.09;16.77
29/08/2017;8;27.25;43.43468092;5.116104243;89.5;6.03;16.45
30/08/2017;8;27.47;42.80784446;5.197373958;89;6.02;16.83
31/08/2017;8;27.69;43.98723547;5.147799798;87.63;5.93;16.33
1/09/2017;9;27.88;44.48848781;5.169941807;86.7;5.82;16.48
5/09/2017;9;28.1;44.81195433;5.18384822;87.63;6.49;16.95
6/09/2017;9;28.36;45.48887956;5.182543013;88.53;6.69;17
7/09/2017;9;28.64;45.32900757;5.165959571;88.5;6.89;16.7
8/09/2017;9;28.94;44.69375883;5.181583977;88.85;7.06;17.05
11/09/2017;9;29.2;45.05062338;5.246422893;90.3;6.87;17.23
12/09/2017;9;29.45;45.3572921;5.240284162;90.08;6.86;17.25
13/09/2017;9;29.6;46.411443;5.283971393;90.95;7.09;17.68
14/09/2017;9;29.91;46.54304413;5.290317167;93.38;7.09;17.98
15/09/2017;9;29.74;46.57901348;5.288501801;93.4;6.94;17.8
18/09/2017;9;29.97;46.41900937;6.40060241;92.7;6.72;18
19/09/2017;9;30.25;45.98065377;6.379252835;92.9;7.02;17.58
20/09/2017;9;30.61;47.3383231;6.471280801;94;6.9;17.5
21/09/2017;9;30.97;47.2652651;6.445263422;92.25;6.55;17.23
22/09/2017;9;31.31;47.57362784;6.505187416;91.95;6.64;17.23
25/09/2017;9;31.65;49.82272497;6.5971636;92.5;7.27;17.88
26/09/2017;9;31.96;49.56322619;6.806038504;91.88;6.97;17.7
27/09/2017;9;32.33;49.30596951;6.833858469;90.98;6.92;17.5
28/09/2017;9;32.69;48.71860149;6.835539715;90.49;6.96;17.7
29/09/2017;9;33.05;48.71317304;6.912461903;89.8;7.06;16.4
2/10/2017;10;33.39;47.84313725;6.965046888;89.25;6.93;16.53
3/10/2017;10;33.68;47.69204565;6.996252768;90.5;6.99;17.4
4/10/2017;10;33.93;47.45301471;6.986138277;91.5;6.89;17.48
5/10/2017;10;34.21;48.676345;7.028181042;90.75;6.88;17.9
6/10/2017;10;34.46;47.40475582;7.027188272;89.35;6.99;17.73
9/10/2017;10;34.73;47.52534287;7.044893091;89.25;6.95;17.9
10/10/2017;10;35.09;47.95019482;7.004912756;90;7.39;17.63
11/10/2017;10;35.46;48.02226533;6.974782829;89.75;7.38;17.2
12/10/2017;10;35.78;47.5526249;6.991292586;90.5;7.41;16.98
13/10/2017;10;36.07;48.35899171;6.995432245;91;7.32;16.55
16/10/2017;10;36.32;49.02077151;7.587961;92.4;7.36;16.15
17/10/2017;10;36.47;49.19258882;7.606663267;93.25;7.42;16.85
18/10/2017;10;36.57;49.33401205;7.593111055;93.75;7.81;16.83
19/10/2017;10;36.81;48.29535865;7.514767932;93.4;7.65;16.45
20/10/2017;10;37.06;49.01128745;7.519307477;92.3;7.57;16.35
23/10/2017;10;37.29;48.83800119;7.508299991;91;7.44;16.88
24/10/2017;10;37.52;49.60455821;7.500637809;91.25;7.47;16.58
25/10/2017;10;37.74;49.47511006;7.437351846;92.3;7.4;16.98
26/10/2017;10;37.99;50.90128755;7.596566524;92.18;7.2;17.05
27/10/2017;10;38.27;52.06753963;7.74896623;92.25;7.17;17.08
30/10/2017;10;38.63;52.27916559;7.721692849;92.9;7.14;17.88
31/10/2017;10;38.98;52.70525593;7.75077293;92.9;7.37;17.9
1/11/2017;11;39.22;52.07024189;7.768787122;94.63;7.51;18.38
2/11/2017;11;39.52;52.00754976;7.828586136;94.63;7.66;18.1
3/11/2017;11;39.84;53.47635048;7.86163522;93.15;7.88;18.3
6/11/2017;11;40.21;55.36221897;7.860280817;93.95;7.92;18.93
7/11/2017;11;40.63;54.97626241;7.876564523;93.05;7.75;19.25
8/11/2017;11;41.09;54.76580695;7.875442077;93.53;7.72;19.3
9/11/2017;11;41.54;54.92268041;7.843642612;93.5;7.55;19.33
10/11/2017;11;41.9;54.46283118;7.871045186;92.75;7.4;19.85
13/11/2017;11;42.28;54.14487784;7.878268324;93.5;7.35;19.98
14/11/2017;11;42.64;52.73821634;7.790776534;92.7;7.39;19.33
15/11/2017;11;43.03;52.47222458;7.789839708;91;7.69;19.02
16/11/2017;11;43.41;52.13697001;8.220749426;90.75;7.5;19.17
17/11/2017;11;43.83;53.18409226;8.204019334;91.1;7.48;19.05
20/11/2017;11;44.24;53.03443573;8.246675759;90.5;7.44;19.52
21/11/2017;11;44.61;53.31004516;8.260202778;91;7.39;19.65
22/11/2017;11;44.98;53.57021997;8.202199662;90.9;7.37;19.6
24/11/2017;11;45.31;53.52891869;8.189438391;90.8;7.77;20.5
27/11/2017;11;45.66;53.66509751;8.242266308;91.65;7.7;20.9
28/11/2017;11;46.04;53.7292001;8.281949489;92;7.59;20.65
29/11/2017;11;46.49;53.27087026;8.30167975;92.5;7.7;20.8
30/11/2017;11;46.91;53.4111914;8.242312216;93;7.53;20.7
1/12/2017;12;47.27;53.60417192;8.255530322;90.5;7.68;20.85
4/12/2017;12;47.62;52.63823331;8.289784221;91.85;7.55;21.55
5/12/2017;12;47.98;53.16305819;8.322056834;91.75;7.43;21.4
6/12/2017;12;48.03;51.90334888;8.355235269;91.65;7.27;21.15
7/12/2017;12;48.42;52.84172967;8.402004927;91.65;7.35;21.4
8/12/2017;12;48.88;53.89323359;8.40700442;93.13;7.14;21
11/12/2017;12;49.34;54.97110809;8.41264446;94.23;7.2;21.77
12/12/2017;12;49.74;53.95229983;8.44548552;96.13;7.14;22.17
13/12/2017;12;50.15;52.80338266;8.397463002;95.88;7.07;21.5
14/12/2017;12;50.49;53.7573236;8.457162265;94.25;7.09;21.6
15/12/2017;12;50.84;53.8036079;8.47940776;95.56;7.18;21.53
18/12/2017;12;51.25;53.82395382;9.167303285;95.9;7.39;21.2
19/12/2017;12;51.73;53.89423889;9.161175874;95.2;7.5;20.17
20/12/2017;12;52.22;54.39379897;9.234139355;95.25;7.77;20.38
21/12/2017;12;52.64;54.66183778;9.302619389;95.33;7.98;20.2
22/12/2017;12;53.03;55.0307835;9.315172472;95.31;8.15;20
26/12/2017;12;53.39;56.51880587;9.314386912;95.28;8.15;19.85
27/12/2017;12;53.76;55.89769477;9.368164227;95.4;8.13;19.95
28/12/2017;12;54.2;55.87471736;9.325014655;95.68;8.17;19.78
29/12/2017;12;54.64;55.74358119;9.311437146;96.03;8.14;19.35
2/01/2018;1;55.13;55.21273949;9.251886871;95.4;7.78;19.15
3/01/2018;1;55.55;56.47685648;9.303196803;95.4;7.8;19.05
4/01/2018;1;55.94;56.41004392;9.256650369;94.45;7.74;19.1
5/01/2018;1;56.32;56.21882275;9.28666445;94.45;7.75;18.77
8/01/2018;1;56.68;56.6485583;9.335562056;95.23;7.62;18.95
9/01/2018;1;57.08;57.66233766;9.367406787;94.75;7.75;19.42
10/01/2018;1;57.55;57.9321892;9.363750523;94.4;7.86;19.43
11/01/2018;1;58.03;57.56794946;9.32175214;94.1;7.79;19.27
12/01/2018;1;58.46;57.34099302;9.216249487;94.25;7.83;19.6
16/01/2018;1;58.87;56.40753732;8.524349458;94.4;8.02;18.8
17/01/2018;1;59.26;56.9435325;8.617859488;93.3;8.15;18.42
18/01/2018;1;59.66;56.63969927;8.617308164;92.5;8.46;18.73
19/01/2018;1;60.06;56.14566285;8.629296236;92.75;8.73;18.3
22/01/2018;1;60.52;56.3050571;8.584828711;93;8.72;18.5
23/01/2018;1;61.01;56.89192486;8.127998699;92.85;8.98;18
24/01/2018;1;61.41;56.85152346;7.971949057;92.25;9.42;17.85
25/01/2018;1;61.83;56.81323114;8.019362646;92.4;9.21;17.83
26/01/2018;1;62.24;56.78396006;8.084386827;92.4;9.06;17.4
29/01/2018;1;62.65;56.10209192;8.226314514;92.3;8.97;17.45
30/01/2018;1;63.09;55.66129032;8.310483871;92.3;8.86;17.4
31/01/2018;1;63.56;55.5958132;8.329307568;89.75;9.25;17.83
1/02/2018;2;64.05;55.68436201;8.270706748;87.4;9.24;18.1
2/02/2018;2;64.23;55.04012841;8.302568218;87.3;8.93;18.27
5/02/2018;2;64.65;54.67777149;8.421605887;85.9;9.05;17.75
6/02/2018;2;65.05;54.02391726;8.463962508;84.1;8.78;17.98
7/02/2018;2;65.46;53.42521611;8.542652096;84.3;8.97;18.35
8/02/2018;2;66.08;52.9277256;8.554512046;81.5;9.1;17.98
9/02/2018;2;66.32;51.32837407;8.562903621;80.1;9.21;17.95
12/02/2018;2;66.76;50.92343992;8.506224066;80.25;9.46;18.05
13/02/2018;2;67.12;50.7854251;8.461538462;82.95;9.87;18.43
14/02/2018;2;67.46;51.70308483;8.394922879;83.5;9.58;18.23
15/02/2018;2;67.79;51.44342263;8.356657337;83.5;9.52;17.98
16/02/2018;2;68.13;52.27346017;6.449532409;82.6;9.5;18.23
20/02/2018;2;68.5;52.89396887;6.675583658;85.9;9.7;21.13
21/02/2018;2;68.93;53.26494056;6.757857027;85.8;9.54;22.05
22/02/2018;2;69.35;53.84864953;6.728039581;87.25;9.7;22
23/02/2018;2;69.68;54.75473847;6.747742618;88;9.79;26.6
26/02/2018;2;70.03;54.80675544;6.714842481;84.03;9.61;25.4
27/02/2018;2;70.39;54.47633064;6.888234813;81.7;10.13;34.4
28/02/2018;2;70.7;53.94898712;6.848191585;81.25;10.08;45.1
1/03/2018;3;71.03;52.03391212;6.806880248;80;9.97;76
2/03/2018;3;71.39;52.26110254;6.795485914;79.8;10.12;28.5
5/03/2018;3;71.8;53.13336036;6.895014187;79.65;10.34;20.3
6/03/2018;3;72.14;53.0478955;6.849701661;82;10.45;19.6
7/03/2018;3;72.45;51.836932;6.807927812;82.1;10.62;18.8
8/03/2018;3;72.79;51.67343623;6.872461413;82.1;11.1;19.4
9/03/2018;3;73.1;53.22226737;6.875253962;82.24;11.1;19.95
12/03/2018;3;73.42;52.66785598;6.860201103;82.13;11.06;26.35
13/03/2018;3;73.84;52.17531681;6.80038744;81.25;11.38;25
14/03/2018;3;74.23;52.47877072;6.79741205;80.7;11.16;22.65
15/03/2018;3;74.53;52.92587776;6.822984395;80.7;11.16;24.3
16/03/2018;3;74.79;53.88622121;6.087735004;80.65;11.15;20.2
19/03/2018;3;75.09;53.5555015;6.085299603;79;11.04;20.65
20/03/2018;3;75.4;55.08169935;6.070261438;80.4;11.52;21.42
21/03/2018;3;75.62;56.31485084;5.917639429;80.25;12.62;21.8
22/03/2018;3;75.99;56.02439024;5.882113821;80.3;12.31;20.65
23/03/2018;3;76.36;57.0399158;5.793053194;78.75;12.58;19.6
26/03/2018;3;76.62;56.35749879;5.75068317;78.23;12.96;18.4
27/03/2018;3;76.87;56.53576324;5.826143053;78.43;13.65;18.63
28/03/2018;3;77.11;56.49630292;5.866579995;77.9;12.96;18.5
29/03/2018;3;77.39;57.12543696;5.861312088;78.09;13.26;19.5
2/04/2018;4;77.67;54.99186992;5.841463415;78.21;13.26;19.77
3/04/2018;4;78.02;55.52204744;5.823620507;78.21;13.27;18.65
4/04/2018;4;78.37;55.40441476;5.81982569;80.43;13.02;19.1
5/04/2018;4;78.62;55.83428665;5.846543553;81;12.61;19.08
6/04/2018;4;78.84;54.64538718;5.862714763;81;12.96;18.83
9/04/2018;4;79.03;55.72692589;5.808101307;82.75;13.3;19
10/04/2018;4;79.2;57.50364254;5.807835519;82.9;13.34;20.2
11/04/2018;4;79.52;58.27739588;5.802668823;83.13;13.39;19.53
12/04/2018;4;79.79;58.43407708;5.821501014;83.13;13.55;20.77
13/04/2018;4;80.09;58.86933247;5.823667775;84.3;13.9;20.2
16/04/2018;4;80.3;57.69914364;6.139925675;83.95;13.95;19.3
17/04/2018;4;80.5;57.86580437;6.16410671;82.25;13.7;19
18/04/2018;4;80.65;59.39217588;6.211606854;82.35;13.85;19.15
19/04/2018;4;80.79;59.76992871;6.278353856;83.5;13.42;19.92
20/04/2018;4;80.95;60.27999349;6.287644473;84.2;13.01;19.63
23/04/2018;4;81.25;61.20258868;6.32424019;84;12.85;19.8
24/04/2018;4;81.56;60.39247751;6.541291905;83.73;13.18;19.68
25/04/2018;4;81.73;60.86026811;6.497244839;83.86;13.21;19.88
26/04/2018;4;82.01;61.76349062;6.528386084;84.35;13.44;20.13
27/04/2018;4;82.18;61.54353562;6.559201847;84.25;13.51;20.15
30/04/2018;4;82.34;62.24227871;6.607601225;85;13.54;20.78
1/05/2018;5;82.48;60.97723672;6.653881431;87;13.34;20.15
2/05/2018;5;82.69;61.38912134;6.677824268;86.5;13.02;20.38
3/05/2018;5;82.92;61.41653458;6.623842496;86.5;12.92;19.98
4/05/2018;5;83.1;62.61080448;6.639906339;86.4;12.98;20.42
7/05/2018;5;83.26;63.90100671;6.661073826;86.4;13.58;20.42
8/05/2018;5;83.41;63.10065756;6.693643568;87.5;13.56;20.7
9/05/2018;5;83.56;65.15611814;6.708860759;88.8;13.96;20.6
10/05/2018;5;83.64;65.02979938;6.67338202;88.8;14.57;20.9
11/05/2018;5;83.83;64.57879752;6.673923966;91.3;14.6;21.25
14/05/2018;5;84;65.60167715;6.683438155;91.85;14.6;21.53
15/05/2018;5;84.05;66.25834249;6.733124947;91.85;14.29;21.38
16/05/2018;5;84.11;67.14660794;7.283814686;92.75;15.15;21.75
17/05/2018;5;84.18;67.24327991;7.52565081;93.8;15.27;22.3
18/05/2018;5;84.29;66.67515924;7.732484076;93.8;15.22;22.08
21/05/2018;5;84.41;67.19253605;7.849872774;93;15.53;22.23
22/05/2018;5;84.61;67.55815928;8.061640346;93.5;15.92;22.8
23/05/2018;5;84.82;68.22845417;7.972811218;91.9;15.98;22.8
24/05/2018;5;84.98;67.23269904;7.935830702;92.1;16.26;22.7
25/05/2018;5;85.16;65.61373391;7.974248927;91.5;15.97;21.8
29/05/2018;5;85.33;65.34061362;8.081989946;93.25;16.27;22.6
30/05/2018;5;85.51;66.46085241;7.996741274;93.25;15.81;22.75
31/05/2018;5;85.71;66.37296835;7.976903336;95.9;14.88;22.45
1/06/2018;6;85.95;65.85763293;8.036020583;94.7;15.26;21.85
4/06/2018;6;86.2;64.3614293;8.048384339;96.1;16.1;22.15
5/06/2018;6;86.37;64.33387386;8.073739012;95.75;15.74;21.85
6/06/2018;6;86.46;64.01087234;8.022594071;94.48;15.9;21.6
7/06/2018;6;86.49;65.54208697;8.052894804;95.25;15.97;21.75
8/06/2018;6;86.5;64.98385178;8.082610913;95.5;15.79;21.7
11/06/2018;6;86.33;64.89560346;8.088609744;96.5;15.46;21.6
12/06/2018;6;86.41;64.61721877;8.123988759;97;15.12;21.93
13/06/2018;6;86.48;65.09457969;8.117736873;97;15.28;22.48
14/06/2018;6;86.41;65.65228668;8.312440564;97;14.88;22.77
15/06/2018;6;86.33;63.27216335;8.283794262;97.33;14.5;21.88
18/06/2018;6;86.25;64.82533127;9.593873688;97.7;14.57;22.55
19/06/2018;6;86.26;64.79116327;9.453745254;98.4;14.21;22.13
20/06/2018;6;86.25;64.59809853;9.464131374;98.4;14.47;21.88
21/06/2018;6;86.29;62.96870959;9.404361693;95.83;14.78;21.7
22/06/2018;6;86.28;64.82196482;9.141999142;94.25;15.09;21.8
25/06/2018;6;86.16;63.86087848;8.720731499;95;14.99;21.6
26/06/2018;6;86;65.5302705;8.737655646;95;14.99;21.63
27/06/2018;6;85.83;67.19182825;9.08933518;96.9;15.21;22.15
28/06/2018;6;85.64;67.30353592;9.077548197;96.9;14.96;21.9
29/06/2018;6;85.39;67.99623384;9.077291791;97.75;14.95;21.58
2/07/2018;7;85.22;66.41464043;9.085832116;98.3;15.03;22.13
3/07/2018;7;85.06;66.71814672;9.017589018;97;15.06;22.25
5/07/2018;7;84.8;66.20754556;9.008469501;99.25;15.64;22.35
6/07/2018;7;84.52;65.65346956;8.965517241;99.25;15.66;22.23
9/07/2018;7;84.21;66.44820836;8.962464891;101;15.96;22.63
10/07/2018;7;83.8;67.16062;8.950774996;101;16.01;22.78
11/07/2018;7;83.44;62.88553804;8.97875257;101.75;16.28;22.52
12/07/2018;7;83.21;63.79059207;8.970953646;101.75;16.05;22.1
13/07/2018;7;83.01;64.46726573;8.947368421;99.03;16.02;22.48
16/07/2018;7;82.58;61.35451362;8.032282859;99.5;15.89;22.05
17/07/2018;7;82.04;61.89210052;8.105326357;100;16.04;21.95
18/07/2018;7;81.47;62.6396288;8.201581028;100;16.37;22.2
19/07/2018;7;80.91;62.34859548;8.079202818;100;16.82;22.23
20/07/2018;7;80.46;62.35705752;8.171189623;98.5;17.03;21.95
23/07/2018;7;80.17;62.49786142;8.272027374;97.4;17.35;22.23
24/07/2018;7;79.89;62.85518658;8.293392674;96.75;17.06;22.15
25/07/2018;7;79.44;63.03717599;8.270804911;96.75;17.3;22.23
26/07/2018;7;78.92;64.03229963;8.302551327;95.5;17.25;22.27
27/07/2018;7;78.37;63.73541524;8.29186685;95;17.08;22.15
30/07/2018;7;77.85;64.05502392;8.373205742;94.93;17;22.3
31/07/2018;7;77.34;63.51039261;8.378239672;95.3;17.36;22.05
1/08/2018;8;76.95;62.09469892;8.371933436;93.48;17.74;22.13
2/08/2018;8;76.65;63.41737178;8.461405629;93.5;17.59;22.15
3/08/2018;8;76.18;63.29212415;8.481023602;94.55;17.63;22.18
6/08/2018;8;75.71;63.83623301;8.491300961;94;17.53;22.48
7/08/2018;8;75.2;64.37009571;8.463395706;96.5;17.47;22.73
8/08/2018;8;74.67;62.25667528;8.4625323;97.1;17.36;22.63
9/08/2018;8;74.15;62.52819712;8.524206143;95.75;17.56;22.67
10/08/2018;8;73.82;63.81244522;8.615249781;96.43;17.85;23.1
13/08/2018;8;73.56;63.64831697;8.643057504;97.4;18.02;23.6
14/08/2018;8;73.19;63.88643978;8.697760536;99.25;18.12;23.55
15/08/2018;8;72.74;62.38208587;8.701401746;99.25;18.05;23.4
16/08/2018;8;72.31;62.7956044;9.718681319;98;17.95;23.63
17/08/2018;8;71.92;62.80493136;9.858354464;99.35;18.1;24.1
20/08/2018;8;71.54;62.9061765;9.931178674;99.25;18.45;24.17
21/08/2018;8;71.31;62.77984268;9.832310485;98.8;19.29;24.2
22/08/2018;8;71.14;64.4877544;9.830976199;97.75;19.78;24.63
23/08/2018;8;70.96;64.77420473;9.972263153;95.75;20.36;24.85
24/08/2018;8;70.86;65.24395491;9.969021599;95.75;20.65;25.15
27/08/2018;8;70.83;65.26505095;9.916930719;95.75;21.28;25.15
28/08/2018;8;70.76;64.95339092;9.899084923;100;20.65;25.75
29/08/2018;8;70.66;65.89783017;9.973517854;100;21.02;26.3
30/08/2018;8;70.57;66.64095973;9.99143102;100.2;21.13;26.25
31/08/2018;8;70.46;66.74713337;10.01379429;98.35;21.06;25.9
4/09/2018;9;70.4;67.4984889;10.0207236;100.08;20.14;26.95
5/09/2018;9;70.25;66.44595408;9.914868002;101.7;20.34;27.2
6/09/2018;9;70.16;65.82910249;9.913088374;100.5;21.44;27.45
7/09/2018;9;70;66.51372176;9.973162497;100.5;23.19;28.2
10/09/2018;9;69.81;66.74430642;9.92926156;99.6;25.19;29.18
11/09/2018;9;69.67;68.12580784;9.909521758;100.55;24.13;28.7
12/09/2018;9;69.53;68.59944942;9.87181693;100.5;22.92;27.6
13/09/2018;9;69.33;66.88911704;9.809206023;100.5;18.87;26.55
14/09/2018;9;69.08;67.15686275;9.85122119;100.05;19.94;27.25
17/09/2018;9;68.83;66.80647094;10.10442523;99.5;20.9;27.55
18/09/2018;9;68.58;67.74967853;9.901414488;99.5;20.19;27.4
19/09/2018;9;68.3;68.02604524;9.938313914;100.2;21.43;28.25
20/09/2018;9;68.07;66.83651805;9.855626327;100.2;21.98;28.23
21/09/2018;9;67.84;67.06953783;9.868925015;99.93;22.08;28.52
24/09/2018;9;67.46;69.12991657;9.871445599;101.18;22.37;29.48
25/09/2018;9;67.05;69.55228953;9.808002719;102.4;21.19;29.33
26/09/2018;9;66.65;69.29630261;9.839836429;102.4;20.18;28.05
27/09/2018;9;66.29;70.21221754;9.859094424;100.6;20.77;27.5
28/09/2018;9;65.95;71.26119917;9.790661613;100.5;21.16;27
1/10/2018;10;65.7;73.41050449;9.791810643;101.8;21.32;27.2
2/10/2018;10;65.47;73.44534904;9.7869392;102.45;20.95;26.9
3/10/2018;10;65.06;75.19170443;9.868421053;102.5;21.14;27
4/10/2018;10;64.6;73.46477895;9.810648832;101.65;21.3;27
5/10/2018;10;64.13;73.03653562;9.776099974;101.95;22.11;27.35
8/10/2018;10;63.65;73.02872063;9.664926023;101.85;21.89;26.9
9/10/2018;10;63.13;73.9838106;9.752807033;100.55;20.75;26.42
10/10/2018;10;62.79;72.13926029;9.732592464;99.5;19.43;25.63
11/10/2018;10;62.46;69.23143276;9.626498749;99.5;19.85;24.78
12/10/2018;10;61.93;69.56408926;9.617713198;98.5;20.35;25.35
15/10/2018;10;61.4;69.77628056;9.600932884;98.4;18.57;25.92
16/10/2018;10;60.83;70.34476799;9.327745615;97.5;19.28;25.53
17/10/2018;10;60.21;69.61474911;9.261674928;97.5;19.26;25.35
18/10/2018;10;59.69;69.23681453;9.369542438;99.43;19.73;25.17
19/10/2018;10;59.38;69.29557891;9.484930079;99.43;19.7;26.3
22/10/2018;10;59.08;69.64145512;9.469597837;101.38;19;24.95
23/10/2018;10;58.64;66.64922835;9.220507455;100.75;19.23;24.63
24/10/2018;10;58.22;66.86858046;9.125625494;101.25;19.61;25.05
25/10/2018;10;57.82;67.60154739;9.121681027;100;19.08;24.45
26/10/2018;10;57.47;68.08174722;9.29743005;98.5;18.28;23.88
29/10/2018;10;57.16;68.0151262;9.304370768;99;16.68;24.52
30/10/2018;10;56.9;66.91643159;9.322108604;98.5;16.02;23.73
31/10/2018;10;56.65;66.7285588;9.261715296;98;16.36;23.4
1/11/2018;11;56.24;63.89936004;9.147891645;95.25;15.62;23.3
2/11/2018;11;55.86;63.97013614;9.279754062;95;17.08;23.6
5/11/2018;11;55.48;64.15044713;9.258285113;94.13;17.23;23.28
6/11/2018;11;55.09;63.12795379;9.242079468;92.55;17.57;23.2
7/11/2018;11;54.77;63.08648459;9.195553221;92.55;18.62;24.3
8/11/2018;11;54.54;62.18095406;9.241330752;91.45;19.56;24.05
9/11/2018;11;54.32;61.91988707;9.250926416;89.75;19.5;23.83
12/11/2018;11;53.98;62.51225818;9.351876616;91.3;20.5;25.5
13/11/2018;11;53.67;57.99450793;9.292231376;89.5;20.14;26.3
14/11/2018;11;53.41;58.47187832;9.272196675;87.6;19.74;26.45
15/11/2018;11;53.15;58.82041321;9.253046089;88.2;19;26.5
16/11/2018;11;52.91;58.4690839;9.432475039;88;19.11;25.7
19/11/2018;11;52.75;58.32678369;9.082176229;83.9;18.93;24.3
20/11/2018;11;52.59;54.99560246;8.970976253;83.9;19.46;24.63
21/11/2018;11;52.35;55.7673724;8.899235702;82.25;20.49;24.67
23/11/2018;11;52.09;51.85185185;9.126984127;82.6;20.21;24.85
26/11/2018;11;51.83;53.39925834;8.974924951;82.4;19.83;24.55
27/11/2018;11;51.56;53.33982991;8.841247342;82.4;19.6;25.1
28/11/2018;11;51.27;51.69804681;8.701390111;84;19.29;24.33
29/11/2018;11;51.24;52.24299886;8.677903608;83.93;20.02;24.55
30/11/2018;11;51.07;51.88687583;8.66548829;85.5;20.5;24.15
3/12/2018;12;50.82;54.34284708;8.637244538;85.5;20.63;24.6
4/12/2018;12;50.54;54.72496474;8.594851904;85.85;20.73;23.88
5/12/2018;12;50.32;54.26657264;8.524330042;86.25;19.67;23.3
6/12/2018;12;50.11;52.80464217;8.383154563;86.25;19.99;22.6
7/12/2018;12;49.97;54.21061885;8.368495077;86.5;20.29;22.6
10/12/2018;12;49.9;52.81373844;8.366358432;87.45;20.86;23.1
11/12/2018;12;49.87;53.20841435;8.39225738;87.58;20.16;23.5
12/12/2018;12;49.76;52.91168191;8.352392681;87.58;21.47;24
13/12/2018;12;49.62;54.08854854;8.357538949;89.5;22.32;24.13
14/12/2018;12;49.48;53.31210754;8.401874945;89.5;23.37;24.55
17/12/2018;12;49.3;52.5383395;8.461131676;91.18;24.26;24.55
18/12/2018;12;49.24;49.52028871;8.146289939;90.05;24.03;23.88
19/12/2018;12;49.25;50.32087912;8.171428571;90;24.32;24.4
20/12/2018;12;49.28;47.49213562;7.973610626;88.68;24.17;24.77
21/12/2018;12;49.23;47.34758511;8.005630333;88.5;24.6;24.48
24/12/2018;12;49.22;44.27581367;7.983156417;88.5;24.84;24.05
26/12/2018;12;49.21;47.9869615;8.012509911;88.5;24.84;24.1
27/12/2018;12;49.25;45.63828856;7.900953714;86.93;24.67;23.33
28/12/2018;12;49.29;45.64533054;7.891745366;86.25;24.64;22.02
31/12/2018;12;49.34;46.9090592;7.842880809;86.25;24.67;21.05
2/01/2019;1;49.19;48.41297831;7.908658085;85.3;25;22.3
3/01/2019;1;49.04;49.11341292;7.852001404;83.8;23.04;21.8
4/01/2019;1;48.81;50.08338453;7.798648293;83.8;23.5;22.05
7/01/2019;1;48.62;49.96513857;7.695659752;81.6;22.07;20.65
8/01/2019;1;48.47;51.32867133;7.70979021;81.6;22.66;21.78
9/01/2019;1;48.44;53.23628802;7.560003466;81.13;21.86;21.13
10/01/2019;1;48.54;53.64411202;7.649156375;81.4;21.94;21.93
11/01/2019;1;48.7;52.74265283;7.665474841;81.4;22.59;21.38
14/01/2019;1;48.79;51.41188775;7.660798327;81.15;22.4;21.38
15/01/2019;1;48.88;53.12773787;7.696688278;82.65;22.47;21.2
16/01/2019;1;48.93;53.80363253;7.085197859;84.3;23.23;21.7
17/01/2019;1;48.75;53.69021501;7.288284335;85.55;23.49;22.68
18/01/2019;1;48.88;55.1888038;7.349705132;85.5;24.68;22.25
22/01/2019;1;49.1;54.14685684;7.171156894;81.4;25.01;21.67
23/01/2019;1;49.35;53.7258348;7.16168717;82;24.53;21.95
24/01/2019;1;49.62;54.03803627;7.098628925;81.25;23.89;21.2
25/01/2019;1;49.78;54.01331931;6.830529267;78.85;23.76;20.8
28/01/2019;1;49.91;52.41843786;6.730516925;78.85;22.6;20.55
29/01/2019;1;50.03;53.64829396;6.566054243;79;23.23;20.8
30/01/2019;1;50.16;53.71612791;6.41718219;79.75;22.9;20.15
31/01/2019;1;50.37;54.080741;6.422579518;79.13;22.15;19.95
1/02/2019;2;50.59;54.78435481;6.28601362;79.05;21.84;19.23
4/02/2019;2;50.76;54.66550066;6.383909051;77;22.91;19.35
5/02/2019;2;50.84;54.31125131;6.396775324;76.5;23.02;18.65
6/02/2019;2;50.94;55.18485915;6.426056338;76.8;23.55;19
7/02/2019;2;51.09;54.34744268;6.446208113;74.3;23.33;18.58
8/02/2019;2;51.28;54.81991525;6.453036723;72.75;22.23;18.27
11/02/2019;2;51.52;54.55432373;6.470066519;71.75;22.26;18.27
12/02/2019;2;51.84;55.12186507;6.44206994;71.75;20.58;17.45
13/02/2019;2;52.17;56.46693298;6.462494452;72;20.83;18.1
14/02/2019;2;52.38;57.14665015;6.443048057;72.35;19.67;17.75
15/02/2019;2;52.64;58.66465952;6.446471265;73.75;20.3;17.95
19/02/2019;2;52.86;58.5978836;5.727513228;73;20.09;17.88
20/02/2019;2;53.17;59.17953242;5.690339656;74.25;20.36;18.1
21/02/2019;2;53.42;59.17593083;5.514381507;74.25;18.7;17.5
22/02/2019;2;53.69;59.18349352;5.493342739;73;18.84;16.93
25/02/2019;2;53.82;57.01708047;5.419087868;73.7;19.14;16.85
26/02/2019;2;54.01;57.27711902;5.406236276;74.65;19.56;17.33
27/02/2019;2;54.26;58.39563726;5.409446741;74.65;21.17;17.78
28/02/2019;2;54.52;58.07387863;5.386983289;75.25;21.59;17.75
1/03/2019;3;54.9;57.209425;5.380692808;75.25;22.18;17.42
4/03/2019;3;55.2;57.92537708;5.34973979;75.65;23.03;17.53
5/03/2019;3;55.5;58.25225544;5.346718557;75.75;22.83;17.08
6/03/2019;3;55.76;58.37240159;5.338345865;73.5;22.04;16.93
7/03/2019;3;56.04;59.23874196;5.360972123;73;23.17;16.92
8/03/2019;3;56.32;58.49795337;5.325680726;73;22.91;16.78
11/03/2019;3;56.6;59.19800836;5.312527785;72.4;22.18;16.88
12/03/2019;3;56.91;59.07318802;5.294169768;71.55;22.22;16.5
13/03/2019;3;57.24;59.64679912;5.258278146;71.55;22.17;15.9
14/03/2019;3;57.56;59.48504689;5.26013095;70.6;22.63;15.52
15/03/2019;3;57.81;59.30242826;5.249448124;70.2;22.36;14.85
18/03/2019;3;58.03;59.5800988;4.547459421;69.3;21.71;15.4
19/03/2019;3;58.24;59.57353071;4.405674509;69.3;21.01;15.23
20/03/2019;3;58.46;60.02979581;4.337919551;67.75;21.53;15.08
21/03/2019;3;58.74;59.66763387;4.158973006;67.75;20.83;14.55
22/03/2019;3;59.06;59.25041987;4.083797401;66.5;20.56;14.2
25/03/2019;3;59.4;59.4200336;4.066837592;66.5;20.83;14.35
26/03/2019;3;59.21;60.34268466;4.083806818;64.33;21.44;14.7
27/03/2019;3;59.51;60.30941584;4.08997955;63.73;21.75;14.95
28/03/2019;3;59.79;60.4456328;4.095365419;63.63;22.16;14.2
29/03/2019;3;60.05;60.96995632;4.100918249;61.7;21.44;14.68
1/04/2019;4;60.36;61.55012487;4.084909026;62;21.82;14.1
2/04/2019;4;60.7;61.92644171;4.088555615;58.5;21.93;13.75
3/04/2019;4;61.09;61.69663521;4.076909382;58.5;23.09;14.45
4/04/2019;4;61.39;61.85383244;4.099821747;58.5;24.37;15.08
